DATE & TIME, NET TOTAL(MW), EWIC(MW), MOYLE(MW)
1 February 2022 00:00,-,-,-
1 February 2022 00:15,-,-,-
1 February 2022 00:30,-,-,-
1 February 2022 00:45,-,-,-
1 February 2022 01:00,-,-,-
1 February 2022 01:15,-,-,-
1 February 2022 01:30,-,-,-
1 February 2022 01:45,-,-,-
1 February 2022 02:00,-,-,-
1 February 2022 02:15,-,-,-
1 February 2022 02:30,-,-,-
1 February 2022 02:45,-,-,-
1 February 2022 03:00,-,-,-
1 February 2022 03:15,-,-,-
1 February 2022 03:30,-,-,-
1 February 2022 03:45,-,-,-
1 February 2022 04:00,-,-,-
1 February 2022 04:15,-,-,-
1 February 2022 04:30,-,-,-
1 February 2022 04:45,-,-,-
1 February 2022 05:00,-,-,-
1 February 2022 05:15,-,-,-
1 February 2022 05:30,-,-,-
1 February 2022 05:45,-,-,-
1 February 2022 06:00,-,-,-
1 February 2022 06:15,-,-,-
1 February 2022 06:30,-,-,-
1 February 2022 06:45,-,-,-
1 February 2022 07:00,-,-,-
1 February 2022 07:15,-,-,-
1 February 2022 07:30,-,-,-
1 February 2022 07:45,-,-,-
1 February 2022 08:00,-,-,-
1 February 2022 08:15,-,-,-
1 February 2022 08:30,-,-,-
1 February 2022 08:45,-,-,-
1 February 2022 09:00,-,-,-
1 February 2022 09:15,-,-,-
1 February 2022 09:30,-,-,-
1 February 2022 09:45,-,-,-
1 February 2022 10:00,-,-,-
1 February 2022 10:15,-,-,-
1 February 2022 10:30,-,-,-
1 February 2022 10:45,-,-,-
1 February 2022 11:00,-,-,-
1 February 2022 11:15,-,-,-
1 February 2022 11:30,-,-,-
1 February 2022 11:45,-,-,-
1 February 2022 12:00,-,-,-
1 February 2022 12:15,-,-,-
1 February 2022 12:30,-,-,-
1 February 2022 12:45,-,-,-
1 February 2022 13:00,-,-,-
1 February 2022 13:15,-,-,-
1 February 2022 13:30,-,-,-
1 February 2022 13:45,-,-,-
1 February 2022 14:00,-,-,-
1 February 2022 14:15,-,-,-
1 February 2022 14:30,-,-,-
1 February 2022 14:45,-,-,-
1 February 2022 15:00,-,-,-
1 February 2022 15:15,-,-,-
1 February 2022 15:30,-,-,-
1 February 2022 15:45,-,-,-
1 February 2022 16:00,-,-,-
1 February 2022 16:15,-,-,-
1 February 2022 16:30,-,-,-
1 February 2022 16:45,-,-,-
1 February 2022 17:00,-,-,-
1 February 2022 17:15,-,-,-
1 February 2022 17:30,-,-,-
1 February 2022 17:45,-,-,-
1 February 2022 18:00,-,-,-
1 February 2022 18:15,-,-,-
1 February 2022 18:30,-,-,-
1 February 2022 18:45,-,-,-
1 February 2022 19:00,-,-,-
1 February 2022 19:15,-,-,-
1 February 2022 19:30,-,-,-
1 February 2022 19:45,-,-,-
1 February 2022 20:00,-,-,-
1 February 2022 20:15,-,-,-
1 February 2022 20:30,-,-,-
1 February 2022 20:45,-,-,-
1 February 2022 21:00,-,-,-
1 February 2022 21:15,-,-,-
1 February 2022 21:30,-,-,-
1 February 2022 21:45,-,-,-
1 February 2022 22:00,-,-,-
1 February 2022 22:15,-,-,-
1 February 2022 22:30,-,-,-
1 February 2022 22:45,-,-,-
1 February 2022 23:00,-,-,-
1 February 2022 23:15,-,-,-
1 February 2022 23:30,-,-,-
1 February 2022 23:45,-,-,-
2 February 2022 00:00,-,-,-
2 February 2022 00:15,-,-,-
2 February 2022 00:30,-,-,-
2 February 2022 00:45,-,-,-
2 February 2022 01:00,-,-,-
2 February 2022 01:15,-,-,-
2 February 2022 01:30,-,-,-
2 February 2022 01:45,-,-,-
2 February 2022 02:00,-,-,-
2 February 2022 02:15,-,-,-
2 February 2022 02:30,-,-,-
2 February 2022 02:45,-,-,-
2 February 2022 03:00,-,-,-
2 February 2022 03:15,-,-,-
2 February 2022 03:30,-,-,-
2 February 2022 03:45,-,-,-
2 February 2022 04:00,-,-,-
2 February 2022 04:15,-,-,-
2 February 2022 04:30,-,-,-
2 February 2022 04:45,-,-,-
2 February 2022 05:00,-,-,-
2 February 2022 05:15,-,-,-
2 February 2022 05:30,-,-,-
2 February 2022 05:45,-,-,-
2 February 2022 06:00,-,-,-
2 February 2022 06:15,-,-,-
2 February 2022 06:30,-,-,-
2 February 2022 06:45,-,-,-
2 February 2022 07:00,-,-,-
2 February 2022 07:15,-,-,-
2 February 2022 07:30,-,-,-
2 February 2022 07:45,-,-,-
2 February 2022 08:00,-,-,-
2 February 2022 08:15,-,-,-
2 February 2022 08:30,-,-,-
2 February 2022 08:45,-,-,-
2 February 2022 09:00,-,-,-
2 February 2022 09:15,-,-,-
2 February 2022 09:30,-,-,-
2 February 2022 09:45,-,-,-
2 February 2022 10:00,-,-,-
2 February 2022 10:15,-,-,-
2 February 2022 10:30,-,-,-
2 February 2022 10:45,-,-,-
2 February 2022 11:00,-,-,-
2 February 2022 11:15,-,-,-
2 February 2022 11:30,-,-,-
2 February 2022 11:45,-,-,-
2 February 2022 12:00,-,-,-
2 February 2022 12:15,-,-,-
2 February 2022 12:30,-,-,-
2 February 2022 12:45,-,-,-
2 February 2022 13:00,-,-,-
2 February 2022 13:15,-,-,-
2 February 2022 13:30,-,-,-
2 February 2022 13:45,-,-,-
2 February 2022 14:00,-,-,-
2 February 2022 14:15,-,-,-
2 February 2022 14:30,-,-,-
2 February 2022 14:45,-,-,-
2 February 2022 15:00,-,-,-
2 February 2022 15:15,-,-,-
2 February 2022 15:30,-,-,-
2 February 2022 15:45,-,-,-
2 February 2022 16:00,-,-,-
2 February 2022 16:15,-,-,-
2 February 2022 16:30,-,-,-
2 February 2022 16:45,-,-,-
2 February 2022 17:00,-,-,-
2 February 2022 17:15,-,-,-
2 February 2022 17:30,-,-,-
2 February 2022 17:45,-,-,-
2 February 2022 18:00,-,-,-
2 February 2022 18:15,-,-,-
2 February 2022 18:30,-,-,-
2 February 2022 18:45,-,-,-
2 February 2022 19:00,-,-,-
2 February 2022 19:15,-,-,-
2 February 2022 19:30,-,-,-
2 February 2022 19:45,-,-,-
2 February 2022 20:00,-,-,-
2 February 2022 20:15,-,-,-
2 February 2022 20:30,-,-,-
2 February 2022 20:45,-,-,-
2 February 2022 21:00,-,-,-
2 February 2022 21:15,-,-,-
2 February 2022 21:30,-,-,-
2 February 2022 21:45,-,-,-
2 February 2022 22:00,-,-,-
2 February 2022 22:15,-,-,-
2 February 2022 22:30,-,-,-
2 February 2022 22:45,-,-,-
2 February 2022 23:00,-,-,-
2 February 2022 23:15,-,-,-
2 February 2022 23:30,-,-,-
2 February 2022 23:45,-,-,-
3 February 2022 00:00,-,-,-
3 February 2022 00:15,-,-,-
3 February 2022 00:30,-,-,-
3 February 2022 00:45,-,-,-
3 February 2022 01:00,-,-,-
3 February 2022 01:15,-,-,-
3 February 2022 01:30,-,-,-
3 February 2022 01:45,-,-,-
3 February 2022 02:00,-,-,-
3 February 2022 02:15,-,-,-
3 February 2022 02:30,-,-,-
3 February 2022 02:45,-,-,-
3 February 2022 03:00,-,-,-
3 February 2022 03:15,-,-,-
3 February 2022 03:30,-,-,-
3 February 2022 03:45,-,-,-
3 February 2022 04:00,-,-,-
3 February 2022 04:15,-,-,-
3 February 2022 04:30,-,-,-
3 February 2022 04:45,-,-,-
3 February 2022 05:00,-,-,-
3 February 2022 05:15,-,-,-
3 February 2022 05:30,-,-,-
3 February 2022 05:45,-,-,-
3 February 2022 06:00,-,-,-
3 February 2022 06:15,-,-,-
3 February 2022 06:30,-,-,-
3 February 2022 06:45,-,-,-
3 February 2022 07:00,-,-,-
3 February 2022 07:15,-,-,-
3 February 2022 07:30,-,-,-
3 February 2022 07:45,-,-,-
3 February 2022 08:00,-,-,-
3 February 2022 08:15,-,-,-
3 February 2022 08:30,-,-,-
3 February 2022 08:45,-,-,-
3 February 2022 09:00,-,-,-
3 February 2022 09:15,-,-,-
3 February 2022 09:30,-,-,-
3 February 2022 09:45,-,-,-
3 February 2022 10:00,-,-,-
3 February 2022 10:15,-,-,-
3 February 2022 10:30,-,-,-
3 February 2022 10:45,-,-,-
3 February 2022 11:00,-,-,-
3 February 2022 11:15,-,-,-
3 February 2022 11:30,-,-,-
3 February 2022 11:45,-,-,-
3 February 2022 12:00,-,-,-
3 February 2022 12:15,-,-,-
3 February 2022 12:30,-,-,-
3 February 2022 12:45,-,-,-
3 February 2022 13:00,-,-,-
3 February 2022 13:15,-,-,-
3 February 2022 13:30,-,-,-
3 February 2022 13:45,-,-,-
3 February 2022 14:00,-,-,-
3 February 2022 14:15,-,-,-
3 February 2022 14:30,-,-,-
3 February 2022 14:45,-,-,-
3 February 2022 15:00,-,-,-
3 February 2022 15:15,-,-,-
3 February 2022 15:30,-,-,-
3 February 2022 15:45,-,-,-
3 February 2022 16:00,-,-,-
3 February 2022 16:15,-,-,-
3 February 2022 16:30,-,-,-
3 February 2022 16:45,-,-,-
3 February 2022 17:00,-,-,-
3 February 2022 17:15,-,-,-
3 February 2022 17:30,-,-,-
3 February 2022 17:45,-,-,-
3 February 2022 18:00,-,-,-
3 February 2022 18:15,-,-,-
3 February 2022 18:30,-,-,-
3 February 2022 18:45,-,-,-
3 February 2022 19:00,-,-,-
3 February 2022 19:15,-,-,-
3 February 2022 19:30,-,-,-
3 February 2022 19:45,-,-,-
3 February 2022 20:00,-,-,-
3 February 2022 20:15,-,-,-
3 February 2022 20:30,-,-,-
3 February 2022 20:45,-,-,-
3 February 2022 21:00,-,-,-
3 February 2022 21:15,-,-,-
3 February 2022 21:30,-,-,-
3 February 2022 21:45,-,-,-
3 February 2022 22:00,-,-,-
3 February 2022 22:15,-,-,-
3 February 2022 22:30,-,-,-
3 February 2022 22:45,-,-,-
3 February 2022 23:00,-,-,-
3 February 2022 23:15,-,-,-
3 February 2022 23:30,-,-,-
3 February 2022 23:45,-,-,-
4 February 2022 00:00,-,-,-
4 February 2022 00:15,-,-,-
4 February 2022 00:30,-,-,-
4 February 2022 00:45,-,-,-
4 February 2022 01:00,-,-,-
4 February 2022 01:15,-,-,-
4 February 2022 01:30,-,-,-
4 February 2022 01:45,-,-,-
4 February 2022 02:00,-,-,-
4 February 2022 02:15,-,-,-
4 February 2022 02:30,-,-,-
4 February 2022 02:45,-,-,-
4 February 2022 03:00,-,-,-
4 February 2022 03:15,-,-,-
4 February 2022 03:30,-,-,-
4 February 2022 03:45,-,-,-
4 February 2022 04:00,-,-,-
4 February 2022 04:15,-,-,-
4 February 2022 04:30,-,-,-
4 February 2022 04:45,-,-,-
4 February 2022 05:00,-,-,-
4 February 2022 05:15,-,-,-
4 February 2022 05:30,-,-,-
4 February 2022 05:45,-,-,-
4 February 2022 06:00,-,-,-
4 February 2022 06:15,-,-,-
4 February 2022 06:30,-,-,-
4 February 2022 06:45,-,-,-
4 February 2022 07:00,-,-,-
4 February 2022 07:15,-,-,-
4 February 2022 07:30,-,-,-
4 February 2022 07:45,-,-,-
4 February 2022 08:00,-,-,-
4 February 2022 08:15,-,-,-
4 February 2022 08:30,-,-,-
4 February 2022 08:45,-,-,-
4 February 2022 09:00,-,-,-
4 February 2022 09:15,-,-,-
4 February 2022 09:30,-,-,-
4 February 2022 09:45,-,-,-
4 February 2022 10:00,-,-,-
4 February 2022 10:15,-,-,-
4 February 2022 10:30,-,-,-
4 February 2022 10:45,-,-,-
4 February 2022 11:00,-,-,-
4 February 2022 11:15,-,-,-
4 February 2022 11:30,-,-,-
4 February 2022 11:45,-,-,-
4 February 2022 12:00,-,-,-
4 February 2022 12:15,-,-,-
4 February 2022 12:30,-,-,-
4 February 2022 12:45,-,-,-
4 February 2022 13:00,-,-,-
4 February 2022 13:15,-,-,-
4 February 2022 13:30,-,-,-
4 February 2022 13:45,-,-,-
4 February 2022 14:00,-,-,-
4 February 2022 14:15,-,-,-
4 February 2022 14:30,-,-,-
4 February 2022 14:45,-,-,-
4 February 2022 15:00,-,-,-
4 February 2022 15:15,-,-,-
4 February 2022 15:30,-,-,-
4 February 2022 15:45,-,-,-
4 February 2022 16:00,-,-,-
4 February 2022 16:15,-,-,-
4 February 2022 16:30,-,-,-
4 February 2022 16:45,-,-,-
4 February 2022 17:00,-,-,-
4 February 2022 17:15,-,-,-
4 February 2022 17:30,-,-,-
4 February 2022 17:45,-,-,-
4 February 2022 18:00,-,-,-
4 February 2022 18:15,-,-,-
4 February 2022 18:30,-,-,-
4 February 2022 18:45,-,-,-
4 February 2022 19:00,-,-,-
4 February 2022 19:15,-,-,-
4 February 2022 19:30,-,-,-
4 February 2022 19:45,-,-,-
4 February 2022 20:00,-,-,-
4 February 2022 20:15,-,-,-
4 February 2022 20:30,-,-,-
4 February 2022 20:45,-,-,-
4 February 2022 21:00,-,-,-
4 February 2022 21:15,-,-,-
4 February 2022 21:30,-,-,-
4 February 2022 21:45,-,-,-
4 February 2022 22:00,-,-,-
4 February 2022 22:15,-,-,-
4 February 2022 22:30,-,-,-
4 February 2022 22:45,-,-,-
4 February 2022 23:00,-,-,-
4 February 2022 23:15,-,-,-
4 February 2022 23:30,-,-,-
4 February 2022 23:45,-,-,-
5 February 2022 00:00,-,-,-
5 February 2022 00:15,-,-,-
5 February 2022 00:30,-,-,-
5 February 2022 00:45,-,-,-
5 February 2022 01:00,-,-,-
5 February 2022 01:15,-,-,-
5 February 2022 01:30,-,-,-
5 February 2022 01:45,-,-,-
5 February 2022 02:00,-,-,-
5 February 2022 02:15,-,-,-
5 February 2022 02:30,-,-,-
5 February 2022 02:45,-,-,-
5 February 2022 03:00,-,-,-
5 February 2022 03:15,-,-,-
5 February 2022 03:30,-,-,-
5 February 2022 03:45,-,-,-
5 February 2022 04:00,-,-,-
5 February 2022 04:15,-,-,-
5 February 2022 04:30,-,-,-
5 February 2022 04:45,-,-,-
5 February 2022 05:00,-,-,-
5 February 2022 05:15,-,-,-
5 February 2022 05:30,-,-,-
5 February 2022 05:45,-,-,-
5 February 2022 06:00,-,-,-
5 February 2022 06:15,-,-,-
5 February 2022 06:30,-,-,-
5 February 2022 06:45,-,-,-
5 February 2022 07:00,-,-,-
5 February 2022 07:15,-,-,-
5 February 2022 07:30,-,-,-
5 February 2022 07:45,-,-,-
5 February 2022 08:00,-,-,-
5 February 2022 08:15,-,-,-
5 February 2022 08:30,-,-,-
5 February 2022 08:45,-,-,-
5 February 2022 09:00,-,-,-
5 February 2022 09:15,-,-,-
5 February 2022 09:30,-,-,-
5 February 2022 09:45,-,-,-
5 February 2022 10:00,-,-,-
5 February 2022 10:15,-,-,-
5 February 2022 10:30,-,-,-
5 February 2022 10:45,-,-,-
5 February 2022 11:00,-,-,-
5 February 2022 11:15,-,-,-
5 February 2022 11:30,-,-,-
5 February 2022 11:45,-,-,-
5 February 2022 12:00,-,-,-
5 February 2022 12:15,-,-,-
5 February 2022 12:30,-,-,-
5 February 2022 12:45,-,-,-
5 February 2022 13:00,-,-,-
5 February 2022 13:15,-,-,-
5 February 2022 13:30,-,-,-
5 February 2022 13:45,-,-,-
5 February 2022 14:00,-,-,-
5 February 2022 14:15,-,-,-
5 February 2022 14:30,-,-,-
5 February 2022 14:45,-,-,-
5 February 2022 15:00,-,-,-
5 February 2022 15:15,-,-,-
5 February 2022 15:30,-,-,-
5 February 2022 15:45,-,-,-
5 February 2022 16:00,-,-,-
5 February 2022 16:15,-,-,-
5 February 2022 16:30,-,-,-
5 February 2022 16:45,-,-,-
5 February 2022 17:00,-,-,-
5 February 2022 17:15,-,-,-
5 February 2022 17:30,-,-,-
5 February 2022 17:45,-,-,-
5 February 2022 18:00,-,-,-
5 February 2022 18:15,-,-,-
5 February 2022 18:30,-,-,-
5 February 2022 18:45,-,-,-
5 February 2022 19:00,-,-,-
5 February 2022 19:15,-,-,-
5 February 2022 19:30,-,-,-
5 February 2022 19:45,-,-,-
5 February 2022 20:00,-,-,-
5 February 2022 20:15,-,-,-
5 February 2022 20:30,-,-,-
5 February 2022 20:45,-,-,-
5 February 2022 21:00,-,-,-
5 February 2022 21:15,-,-,-
5 February 2022 21:30,-,-,-
5 February 2022 21:45,-,-,-
5 February 2022 22:00,-,-,-
5 February 2022 22:15,-,-,-
5 February 2022 22:30,-,-,-
5 February 2022 22:45,-,-,-
5 February 2022 23:00,-,-,-
5 February 2022 23:15,-,-,-
5 February 2022 23:30,-,-,-
5 February 2022 23:45,-,-,-
6 February 2022 00:00,-,-,-
6 February 2022 00:15,-,-,-
6 February 2022 00:30,-,-,-
6 February 2022 00:45,-,-,-
6 February 2022 01:00,-,-,-
6 February 2022 01:15,-,-,-
6 February 2022 01:30,-,-,-
6 February 2022 01:45,-,-,-
6 February 2022 02:00,-,-,-
6 February 2022 02:15,-,-,-
6 February 2022 02:30,-,-,-
6 February 2022 02:45,-,-,-
6 February 2022 03:00,-,-,-
6 February 2022 03:15,-,-,-
6 February 2022 03:30,-,-,-
6 February 2022 03:45,-,-,-
6 February 2022 04:00,-,-,-
6 February 2022 04:15,-,-,-
6 February 2022 04:30,-,-,-
6 February 2022 04:45,-,-,-
6 February 2022 05:00,-,-,-
6 February 2022 05:15,-,-,-
6 February 2022 05:30,-,-,-
6 February 2022 05:45,-,-,-
6 February 2022 06:00,-,-,-
6 February 2022 06:15,-,-,-
6 February 2022 06:30,-,-,-
6 February 2022 06:45,-,-,-
6 February 2022 07:00,-,-,-
6 February 2022 07:15,-,-,-
6 February 2022 07:30,-,-,-
6 February 2022 07:45,-,-,-
6 February 2022 08:00,-,-,-
6 February 2022 08:15,-,-,-
6 February 2022 08:30,-,-,-
6 February 2022 08:45,-,-,-
6 February 2022 09:00,-,-,-
6 February 2022 09:15,-,-,-
6 February 2022 09:30,-,-,-
6 February 2022 09:45,-,-,-
6 February 2022 10:00,-,-,-
6 February 2022 10:15,-,-,-
6 February 2022 10:30,-,-,-
6 February 2022 10:45,-,-,-
6 February 2022 11:00,-,-,-
6 February 2022 11:15,-,-,-
6 February 2022 11:30,-,-,-
6 February 2022 11:45,-,-,-
6 February 2022 12:00,-,-,-
6 February 2022 12:15,-,-,-
6 February 2022 12:30,-,-,-
6 February 2022 12:45,-,-,-
6 February 2022 13:00,-,-,-
6 February 2022 13:15,-,-,-
6 February 2022 13:30,-,-,-
6 February 2022 13:45,-,-,-
6 February 2022 14:00,-,-,-
6 February 2022 14:15,-,-,-
6 February 2022 14:30,-,-,-
6 February 2022 14:45,-,-,-
6 February 2022 15:00,-,-,-
6 February 2022 15:15,-,-,-
6 February 2022 15:30,-,-,-
6 February 2022 15:45,-,-,-
6 February 2022 16:00,-,-,-
6 February 2022 16:15,-,-,-
6 February 2022 16:30,-,-,-
6 February 2022 16:45,-,-,-
6 February 2022 17:00,-,-,-
6 February 2022 17:15,-,-,-
6 February 2022 17:30,-,-,-
6 February 2022 17:45,-,-,-
6 February 2022 18:00,-,-,-
6 February 2022 18:15,-,-,-
6 February 2022 18:30,-,-,-
6 February 2022 18:45,-,-,-
6 February 2022 19:00,-,-,-
6 February 2022 19:15,-,-,-
6 February 2022 19:30,-,-,-
6 February 2022 19:45,-,-,-
6 February 2022 20:00,-,-,-
6 February 2022 20:15,-,-,-
6 February 2022 20:30,-,-,-
6 February 2022 20:45,-,-,-
6 February 2022 21:00,-,-,-
6 February 2022 21:15,-,-,-
6 February 2022 21:30,-,-,-
6 February 2022 21:45,-,-,-
6 February 2022 22:00,-,-,-
6 February 2022 22:15,-,-,-
6 February 2022 22:30,-,-,-
6 February 2022 22:45,-,-,-
6 February 2022 23:00,-,-,-
6 February 2022 23:15,-,-,-
6 February 2022 23:30,-,-,-
6 February 2022 23:45,-,-,-
7 February 2022 00:00,-,-,-
7 February 2022 00:15,-,-,-
7 February 2022 00:30,-,-,-
7 February 2022 00:45,-,-,-
7 February 2022 01:00,-,-,-
7 February 2022 01:15,-,-,-
7 February 2022 01:30,-,-,-
7 February 2022 01:45,-,-,-
7 February 2022 02:00,-,-,-
7 February 2022 02:15,-,-,-
7 February 2022 02:30,-,-,-
7 February 2022 02:45,-,-,-
7 February 2022 03:00,-,-,-
7 February 2022 03:15,-,-,-
7 February 2022 03:30,-,-,-
7 February 2022 03:45,-,-,-
7 February 2022 04:00,-,-,-
7 February 2022 04:15,-,-,-
7 February 2022 04:30,-,-,-
7 February 2022 04:45,-,-,-
7 February 2022 05:00,-,-,-
7 February 2022 05:15,-,-,-
7 February 2022 05:30,-,-,-
7 February 2022 05:45,-,-,-
7 February 2022 06:00,-,-,-
7 February 2022 06:15,-,-,-
7 February 2022 06:30,-,-,-
7 February 2022 06:45,-,-,-
7 February 2022 07:00,-,-,-
7 February 2022 07:15,-,-,-
7 February 2022 07:30,-,-,-
7 February 2022 07:45,-,-,-
7 February 2022 08:00,-,-,-
7 February 2022 08:15,-,-,-
7 February 2022 08:30,-,-,-
7 February 2022 08:45,-,-,-
7 February 2022 09:00,-,-,-
7 February 2022 09:15,-,-,-
7 February 2022 09:30,-,-,-
7 February 2022 09:45,-,-,-
7 February 2022 10:00,-,-,-
7 February 2022 10:15,-,-,-
7 February 2022 10:30,-,-,-
7 February 2022 10:45,-,-,-
7 February 2022 11:00,-,-,-
7 February 2022 11:15,-,-,-
7 February 2022 11:30,-,-,-
7 February 2022 11:45,-,-,-
7 February 2022 12:00,-,-,-
7 February 2022 12:15,-,-,-
7 February 2022 12:30,-,-,-
7 February 2022 12:45,-,-,-
7 February 2022 13:00,-,-,-
7 February 2022 13:15,-,-,-
7 February 2022 13:30,-,-,-
7 February 2022 13:45,-,-,-
7 February 2022 14:00,-,-,-
7 February 2022 14:15,-,-,-
7 February 2022 14:30,-,-,-
7 February 2022 14:45,-,-,-
7 February 2022 15:00,-,-,-
7 February 2022 15:15,-,-,-
7 February 2022 15:30,-,-,-
7 February 2022 15:45,-,-,-
7 February 2022 16:00,-,-,-
7 February 2022 16:15,-,-,-
7 February 2022 16:30,-,-,-
7 February 2022 16:45,-,-,-
7 February 2022 17:00,-,-,-
7 February 2022 17:15,-,-,-
7 February 2022 17:30,-,-,-
7 February 2022 17:45,-,-,-
7 February 2022 18:00,-,-,-
7 February 2022 18:15,-,-,-
7 February 2022 18:30,-,-,-
7 February 2022 18:45,-,-,-
7 February 2022 19:00,-,-,-
7 February 2022 19:15,-,-,-
7 February 2022 19:30,-,-,-
7 February 2022 19:45,-,-,-
7 February 2022 20:00,-,-,-
7 February 2022 20:15,-,-,-
7 February 2022 20:30,-,-,-
7 February 2022 20:45,-,-,-
7 February 2022 21:00,-,-,-
7 February 2022 21:15,-,-,-
7 February 2022 21:30,-,-,-
7 February 2022 21:45,-,-,-
7 February 2022 22:00,-,-,-
7 February 2022 22:15,-,-,-
7 February 2022 22:30,-,-,-
7 February 2022 22:45,-,-,-
7 February 2022 23:00,-,-,-
7 February 2022 23:15,-,-,-
7 February 2022 23:30,-,-,-
7 February 2022 23:45,-,-,-
8 February 2022 00:00,-,-,-
8 February 2022 00:15,-,-,-
8 February 2022 00:30,-,-,-
8 February 2022 00:45,-,-,-
8 February 2022 01:00,-,-,-
8 February 2022 01:15,-,-,-
8 February 2022 01:30,-,-,-
8 February 2022 01:45,-,-,-
8 February 2022 02:00,-,-,-
8 February 2022 02:15,-,-,-
8 February 2022 02:30,-,-,-
8 February 2022 02:45,-,-,-
8 February 2022 03:00,-,-,-
8 February 2022 03:15,-,-,-
8 February 2022 03:30,-,-,-
8 February 2022 03:45,-,-,-
8 February 2022 04:00,-,-,-
8 February 2022 04:15,-,-,-
8 February 2022 04:30,-,-,-
8 February 2022 04:45,-,-,-
8 February 2022 05:00,-,-,-
8 February 2022 05:15,-,-,-
8 February 2022 05:30,-,-,-
8 February 2022 05:45,-,-,-
8 February 2022 06:00,-,-,-
8 February 2022 06:15,-,-,-
8 February 2022 06:30,-,-,-
8 February 2022 06:45,-,-,-
8 February 2022 07:00,-,-,-
8 February 2022 07:15,-,-,-
8 February 2022 07:30,-,-,-
8 February 2022 07:45,-,-,-
8 February 2022 08:00,-,-,-
8 February 2022 08:15,-,-,-
8 February 2022 08:30,-,-,-
8 February 2022 08:45,-,-,-
8 February 2022 09:00,-,-,-
8 February 2022 09:15,-,-,-
8 February 2022 09:30,-,-,-
8 February 2022 09:45,-,-,-
8 February 2022 10:00,-,-,-
8 February 2022 10:15,-,-,-
8 February 2022 10:30,-,-,-
8 February 2022 10:45,-,-,-
8 February 2022 11:00,-,-,-
8 February 2022 11:15,-,-,-
8 February 2022 11:30,-,-,-
8 February 2022 11:45,-,-,-
8 February 2022 12:00,-,-,-
8 February 2022 12:15,-,-,-
8 February 2022 12:30,-,-,-
8 February 2022 12:45,-,-,-
8 February 2022 13:00,-,-,-
8 February 2022 13:15,-,-,-
8 February 2022 13:30,-,-,-
8 February 2022 13:45,-,-,-
8 February 2022 14:00,-,-,-
8 February 2022 14:15,-,-,-
8 February 2022 14:30,-,-,-
8 February 2022 14:45,-,-,-
8 February 2022 15:00,-,-,-
8 February 2022 15:15,-,-,-
8 February 2022 15:30,-,-,-
8 February 2022 15:45,-,-,-
8 February 2022 16:00,-,-,-
8 February 2022 16:15,-,-,-
8 February 2022 16:30,-,-,-
8 February 2022 16:45,-,-,-
8 February 2022 17:00,-,-,-
8 February 2022 17:15,-,-,-
8 February 2022 17:30,-,-,-
8 February 2022 17:45,-,-,-
8 February 2022 18:00,-,-,-
8 February 2022 18:15,-,-,-
8 February 2022 18:30,-,-,-
8 February 2022 18:45,-,-,-
8 February 2022 19:00,-,-,-
8 February 2022 19:15,-,-,-
8 February 2022 19:30,-,-,-
8 February 2022 19:45,-,-,-
8 February 2022 20:00,-,-,-
8 February 2022 20:15,-,-,-
8 February 2022 20:30,-,-,-
8 February 2022 20:45,-,-,-
8 February 2022 21:00,-,-,-
8 February 2022 21:15,-,-,-
8 February 2022 21:30,-,-,-
8 February 2022 21:45,-,-,-
8 February 2022 22:00,-,-,-
8 February 2022 22:15,-,-,-
8 February 2022 22:30,-,-,-
8 February 2022 22:45,-,-,-
8 February 2022 23:00,-,-,-
8 February 2022 23:15,-,-,-
8 February 2022 23:30,-,-,-
8 February 2022 23:45,-,-,-
9 February 2022 00:00,-,-,-
9 February 2022 00:15,-,-,-
9 February 2022 00:30,-,-,-
9 February 2022 00:45,-,-,-
9 February 2022 01:00,-,-,-
9 February 2022 01:15,-,-,-
9 February 2022 01:30,-,-,-
9 February 2022 01:45,-,-,-
9 February 2022 02:00,-,-,-
9 February 2022 02:15,-,-,-
9 February 2022 02:30,-,-,-
9 February 2022 02:45,-,-,-
9 February 2022 03:00,-,-,-
9 February 2022 03:15,-,-,-
9 February 2022 03:30,-,-,-
9 February 2022 03:45,-,-,-
9 February 2022 04:00,-,-,-
9 February 2022 04:15,-,-,-
9 February 2022 04:30,-,-,-
9 February 2022 04:45,-,-,-
9 February 2022 05:00,-,-,-
9 February 2022 05:15,-,-,-
9 February 2022 05:30,-,-,-
9 February 2022 05:45,-,-,-
9 February 2022 06:00,-,-,-
9 February 2022 06:15,-,-,-
9 February 2022 06:30,-,-,-
9 February 2022 06:45,-,-,-
9 February 2022 07:00,-,-,-
9 February 2022 07:15,-,-,-
9 February 2022 07:30,-,-,-
9 February 2022 07:45,-,-,-
9 February 2022 08:00,-,-,-
9 February 2022 08:15,-,-,-
9 February 2022 08:30,-,-,-
9 February 2022 08:45,-,-,-
9 February 2022 09:00,-,-,-
9 February 2022 09:15,-,-,-
9 February 2022 09:30,-,-,-
9 February 2022 09:45,-,-,-
9 February 2022 10:00,-,-,-
9 February 2022 10:15,-,-,-
9 February 2022 10:30,-,-,-
9 February 2022 10:45,-,-,-
9 February 2022 11:00,-,-,-
9 February 2022 11:15,-,-,-
9 February 2022 11:30,-,-,-
9 February 2022 11:45,-,-,-
9 February 2022 12:00,-,-,-
9 February 2022 12:15,-,-,-
9 February 2022 12:30,-,-,-
9 February 2022 12:45,-,-,-
9 February 2022 13:00,-,-,-
9 February 2022 13:15,-,-,-
9 February 2022 13:30,-,-,-
9 February 2022 13:45,-,-,-
9 February 2022 14:00,-,-,-
9 February 2022 14:15,-,-,-
9 February 2022 14:30,-,-,-
9 February 2022 14:45,-,-,-
9 February 2022 15:00,-,-,-
9 February 2022 15:15,-,-,-
9 February 2022 15:30,-,-,-
9 February 2022 15:45,-,-,-
9 February 2022 16:00,-,-,-
9 February 2022 16:15,-,-,-
9 February 2022 16:30,-,-,-
9 February 2022 16:45,-,-,-
9 February 2022 17:00,-,-,-
9 February 2022 17:15,-,-,-
9 February 2022 17:30,-,-,-
9 February 2022 17:45,-,-,-
9 February 2022 18:00,-,-,-
9 February 2022 18:15,-,-,-
9 February 2022 18:30,-,-,-
9 February 2022 18:45,-,-,-
9 February 2022 19:00,-,-,-
9 February 2022 19:15,-,-,-
9 February 2022 19:30,-,-,-
9 February 2022 19:45,-,-,-
9 February 2022 20:00,-,-,-
9 February 2022 20:15,-,-,-
9 February 2022 20:30,-,-,-
9 February 2022 20:45,-,-,-
9 February 2022 21:00,-,-,-
9 February 2022 21:15,-,-,-
9 February 2022 21:30,-,-,-
9 February 2022 21:45,-,-,-
9 February 2022 22:00,-,-,-
9 February 2022 22:15,-,-,-
9 February 2022 22:30,-,-,-
9 February 2022 22:45,-,-,-
9 February 2022 23:00,-,-,-
9 February 2022 23:15,-,-,-
9 February 2022 23:30,-,-,-
9 February 2022 23:45,-,-,-
10 February 2022 00:00,-,-,-
10 February 2022 00:15,-,-,-
10 February 2022 00:30,-,-,-
10 February 2022 00:45,-,-,-
10 February 2022 01:00,-,-,-
10 February 2022 01:15,-,-,-
10 February 2022 01:30,-,-,-
10 February 2022 01:45,-,-,-
10 February 2022 02:00,-,-,-
10 February 2022 02:15,-,-,-
10 February 2022 02:30,-,-,-
10 February 2022 02:45,-,-,-
10 February 2022 03:00,-,-,-
10 February 2022 03:15,-,-,-
10 February 2022 03:30,-,-,-
10 February 2022 03:45,-,-,-
10 February 2022 04:00,-,-,-
10 February 2022 04:15,-,-,-
10 February 2022 04:30,-,-,-
10 February 2022 04:45,-,-,-
10 February 2022 05:00,-,-,-
10 February 2022 05:15,-,-,-
10 February 2022 05:30,-,-,-
10 February 2022 05:45,-,-,-
10 February 2022 06:00,-,-,-
10 February 2022 06:15,-,-,-
10 February 2022 06:30,-,-,-
10 February 2022 06:45,-,-,-
10 February 2022 07:00,-,-,-
10 February 2022 07:15,-,-,-
10 February 2022 07:30,-,-,-
10 February 2022 07:45,-,-,-
10 February 2022 08:00,-,-,-
10 February 2022 08:15,-,-,-
10 February 2022 08:30,-,-,-
10 February 2022 08:45,-,-,-
10 February 2022 09:00,-,-,-
10 February 2022 09:15,-,-,-
10 February 2022 09:30,-,-,-
10 February 2022 09:45,-,-,-
10 February 2022 10:00,-,-,-
10 February 2022 10:15,-,-,-
10 February 2022 10:30,-,-,-
10 February 2022 10:45,-,-,-
10 February 2022 11:00,-,-,-
10 February 2022 11:15,-,-,-
10 February 2022 11:30,-,-,-
10 February 2022 11:45,-,-,-
10 February 2022 12:00,-,-,-
10 February 2022 12:15,-,-,-
10 February 2022 12:30,-,-,-
10 February 2022 12:45,-,-,-
10 February 2022 13:00,-,-,-
10 February 2022 13:15,-,-,-
10 February 2022 13:30,-,-,-
10 February 2022 13:45,-,-,-
10 February 2022 14:00,-,-,-
10 February 2022 14:15,-,-,-
10 February 2022 14:30,-,-,-
10 February 2022 14:45,-,-,-
10 February 2022 15:00,-,-,-
10 February 2022 15:15,-,-,-
10 February 2022 15:30,-,-,-
10 February 2022 15:45,-,-,-
10 February 2022 16:00,-,-,-
10 February 2022 16:15,-,-,-
10 February 2022 16:30,-,-,-
10 February 2022 16:45,-,-,-
10 February 2022 17:00,-,-,-
10 February 2022 17:15,-,-,-
10 February 2022 17:30,-,-,-
10 February 2022 17:45,-,-,-
10 February 2022 18:00,-,-,-
10 February 2022 18:15,-,-,-
10 February 2022 18:30,-,-,-
10 February 2022 18:45,-,-,-
10 February 2022 19:00,-,-,-
10 February 2022 19:15,-,-,-
10 February 2022 19:30,-,-,-
10 February 2022 19:45,-,-,-
10 February 2022 20:00,-,-,-
10 February 2022 20:15,-,-,-
10 February 2022 20:30,-,-,-
10 February 2022 20:45,-,-,-
10 February 2022 21:00,-,-,-
10 February 2022 21:15,-,-,-
10 February 2022 21:30,-,-,-
10 February 2022 21:45,-,-,-
10 February 2022 22:00,-,-,-
10 February 2022 22:15,-,-,-
10 February 2022 22:30,-,-,-
10 February 2022 22:45,-,-,-
10 February 2022 23:00,-,-,-
10 February 2022 23:15,-,-,-
10 February 2022 23:30,-,-,-
10 February 2022 23:45,-,-,-
11 February 2022 00:00,-,-,-
11 February 2022 00:15,-,-,-
11 February 2022 00:30,-,-,-
11 February 2022 00:45,-,-,-
11 February 2022 01:00,-,-,-
11 February 2022 01:15,-,-,-
11 February 2022 01:30,-,-,-
11 February 2022 01:45,-,-,-
11 February 2022 02:00,-,-,-
11 February 2022 02:15,-,-,-
11 February 2022 02:30,-,-,-
11 February 2022 02:45,-,-,-
11 February 2022 03:00,-,-,-
11 February 2022 03:15,-,-,-
11 February 2022 03:30,-,-,-
11 February 2022 03:45,-,-,-
11 February 2022 04:00,-,-,-
11 February 2022 04:15,-,-,-
11 February 2022 04:30,-,-,-
11 February 2022 04:45,-,-,-
11 February 2022 05:00,-,-,-
11 February 2022 05:15,-,-,-
11 February 2022 05:30,-,-,-
11 February 2022 05:45,-,-,-
11 February 2022 06:00,-,-,-
11 February 2022 06:15,-,-,-
11 February 2022 06:30,-,-,-
11 February 2022 06:45,-,-,-
11 February 2022 07:00,-,-,-
11 February 2022 07:15,-,-,-
11 February 2022 07:30,-,-,-
11 February 2022 07:45,-,-,-
11 February 2022 08:00,-,-,-
11 February 2022 08:15,-,-,-
11 February 2022 08:30,-,-,-
11 February 2022 08:45,-,-,-
11 February 2022 09:00,-,-,-
11 February 2022 09:15,-,-,-
11 February 2022 09:30,-,-,-
11 February 2022 09:45,-,-,-
11 February 2022 10:00,-,-,-
11 February 2022 10:15,-,-,-
11 February 2022 10:30,-,-,-
11 February 2022 10:45,-,-,-
11 February 2022 11:00,-,-,-
11 February 2022 11:15,-,-,-
11 February 2022 11:30,-,-,-
11 February 2022 11:45,-,-,-
11 February 2022 12:00,-,-,-
11 February 2022 12:15,-,-,-
11 February 2022 12:30,-,-,-
11 February 2022 12:45,-,-,-
11 February 2022 13:00,-,-,-
11 February 2022 13:15,-,-,-
11 February 2022 13:30,-,-,-
11 February 2022 13:45,-,-,-
11 February 2022 14:00,-,-,-
11 February 2022 14:15,-,-,-
11 February 2022 14:30,-,-,-
11 February 2022 14:45,-,-,-
11 February 2022 15:00,-,-,-
11 February 2022 15:15,-,-,-
11 February 2022 15:30,-,-,-
11 February 2022 15:45,-,-,-
11 February 2022 16:00,-,-,-
11 February 2022 16:15,-,-,-
11 February 2022 16:30,-,-,-
11 February 2022 16:45,-,-,-
11 February 2022 17:00,-,-,-
11 February 2022 17:15,-,-,-
11 February 2022 17:30,-,-,-
11 February 2022 17:45,-,-,-
11 February 2022 18:00,-,-,-
11 February 2022 18:15,-,-,-
11 February 2022 18:30,-,-,-
11 February 2022 18:45,-,-,-
11 February 2022 19:00,-,-,-
11 February 2022 19:15,-,-,-
11 February 2022 19:30,-,-,-
11 February 2022 19:45,-,-,-
11 February 2022 20:00,-,-,-
11 February 2022 20:15,-,-,-
11 February 2022 20:30,-,-,-
11 February 2022 20:45,-,-,-
11 February 2022 21:00,-,-,-
11 February 2022 21:15,-,-,-
11 February 2022 21:30,-,-,-
11 February 2022 21:45,-,-,-
11 February 2022 22:00,-,-,-
11 February 2022 22:15,-,-,-
11 February 2022 22:30,-,-,-
11 February 2022 22:45,-,-,-
11 February 2022 23:00,-,-,-
11 February 2022 23:15,-,-,-
11 February 2022 23:30,-,-,-
11 February 2022 23:45,-,-,-
12 February 2022 00:00,-,-,-
12 February 2022 00:15,-,-,-
12 February 2022 00:30,-,-,-
12 February 2022 00:45,-,-,-
12 February 2022 01:00,-,-,-
12 February 2022 01:15,-,-,-
12 February 2022 01:30,-,-,-
12 February 2022 01:45,-,-,-
12 February 2022 02:00,-,-,-
12 February 2022 02:15,-,-,-
12 February 2022 02:30,-,-,-
12 February 2022 02:45,-,-,-
12 February 2022 03:00,-,-,-
12 February 2022 03:15,-,-,-
12 February 2022 03:30,-,-,-
12 February 2022 03:45,-,-,-
12 February 2022 04:00,-,-,-
12 February 2022 04:15,-,-,-
12 February 2022 04:30,-,-,-
12 February 2022 04:45,-,-,-
12 February 2022 05:00,-,-,-
12 February 2022 05:15,-,-,-
12 February 2022 05:30,-,-,-
12 February 2022 05:45,-,-,-
12 February 2022 06:00,-,-,-
12 February 2022 06:15,-,-,-
12 February 2022 06:30,-,-,-
12 February 2022 06:45,-,-,-
12 February 2022 07:00,-,-,-
12 February 2022 07:15,-,-,-
12 February 2022 07:30,-,-,-
12 February 2022 07:45,-,-,-
12 February 2022 08:00,-,-,-
12 February 2022 08:15,-,-,-
12 February 2022 08:30,-,-,-
12 February 2022 08:45,-,-,-
12 February 2022 09:00,-,-,-
12 February 2022 09:15,-,-,-
12 February 2022 09:30,-,-,-
12 February 2022 09:45,-,-,-
12 February 2022 10:00,-,-,-
12 February 2022 10:15,-,-,-
12 February 2022 10:30,-,-,-
12 February 2022 10:45,-,-,-
12 February 2022 11:00,-,-,-
12 February 2022 11:15,-,-,-
12 February 2022 11:30,-,-,-
12 February 2022 11:45,-,-,-
12 February 2022 12:00,-,-,-
12 February 2022 12:15,-,-,-
12 February 2022 12:30,-,-,-
12 February 2022 12:45,-,-,-
12 February 2022 13:00,-,-,-
12 February 2022 13:15,-,-,-
12 February 2022 13:30,-,-,-
12 February 2022 13:45,-,-,-
12 February 2022 14:00,-,-,-
12 February 2022 14:15,-,-,-
12 February 2022 14:30,-,-,-
12 February 2022 14:45,-,-,-
12 February 2022 15:00,-,-,-
12 February 2022 15:15,-,-,-
12 February 2022 15:30,-,-,-
12 February 2022 15:45,-,-,-
12 February 2022 16:00,-,-,-
12 February 2022 16:15,-,-,-
12 February 2022 16:30,-,-,-
12 February 2022 16:45,-,-,-
12 February 2022 17:00,-,-,-
12 February 2022 17:15,-,-,-
12 February 2022 17:30,-,-,-
12 February 2022 17:45,-,-,-
12 February 2022 18:00,-,-,-
12 February 2022 18:15,-,-,-
12 February 2022 18:30,-,-,-
12 February 2022 18:45,-,-,-
12 February 2022 19:00,-,-,-
12 February 2022 19:15,-,-,-
12 February 2022 19:30,-,-,-
12 February 2022 19:45,-,-,-
12 February 2022 20:00,-,-,-
12 February 2022 20:15,-,-,-
12 February 2022 20:30,-,-,-
12 February 2022 20:45,-,-,-
12 February 2022 21:00,-,-,-
12 February 2022 21:15,-,-,-
12 February 2022 21:30,-,-,-
12 February 2022 21:45,-,-,-
12 February 2022 22:00,-,-,-
12 February 2022 22:15,-,-,-
12 February 2022 22:30,-,-,-
12 February 2022 22:45,-,-,-
12 February 2022 23:00,-,-,-
12 February 2022 23:15,-,-,-
12 February 2022 23:30,-,-,-
12 February 2022 23:45,-,-,-
13 February 2022 00:00,-,-,-
13 February 2022 00:15,-,-,-
13 February 2022 00:30,-,-,-
13 February 2022 00:45,-,-,-
13 February 2022 01:00,-,-,-
13 February 2022 01:15,-,-,-
13 February 2022 01:30,-,-,-
13 February 2022 01:45,-,-,-
13 February 2022 02:00,-,-,-
13 February 2022 02:15,-,-,-
13 February 2022 02:30,-,-,-
13 February 2022 02:45,-,-,-
13 February 2022 03:00,-,-,-
13 February 2022 03:15,-,-,-
13 February 2022 03:30,-,-,-
13 February 2022 03:45,-,-,-
13 February 2022 04:00,-,-,-
13 February 2022 04:15,-,-,-
13 February 2022 04:30,-,-,-
13 February 2022 04:45,-,-,-
13 February 2022 05:00,-,-,-
13 February 2022 05:15,-,-,-
13 February 2022 05:30,-,-,-
13 February 2022 05:45,-,-,-
13 February 2022 06:00,-,-,-
13 February 2022 06:15,-,-,-
13 February 2022 06:30,-,-,-
13 February 2022 06:45,-,-,-
13 February 2022 07:00,-,-,-
13 February 2022 07:15,-,-,-
13 February 2022 07:30,-,-,-
13 February 2022 07:45,-,-,-
13 February 2022 08:00,-,-,-
13 February 2022 08:15,-,-,-
13 February 2022 08:30,-,-,-
13 February 2022 08:45,-,-,-
13 February 2022 09:00,-,-,-
13 February 2022 09:15,-,-,-
13 February 2022 09:30,-,-,-
13 February 2022 09:45,-,-,-
13 February 2022 10:00,-,-,-
13 February 2022 10:15,-,-,-
13 February 2022 10:30,-,-,-
13 February 2022 10:45,-,-,-
13 February 2022 11:00,-,-,-
13 February 2022 11:15,-,-,-
13 February 2022 11:30,-,-,-
13 February 2022 11:45,-,-,-
13 February 2022 12:00,-,-,-
13 February 2022 12:15,-,-,-
13 February 2022 12:30,-,-,-
13 February 2022 12:45,-,-,-
13 February 2022 13:00,-,-,-
13 February 2022 13:15,-,-,-
13 February 2022 13:30,-,-,-
13 February 2022 13:45,-,-,-
13 February 2022 14:00,-,-,-
13 February 2022 14:15,-,-,-
13 February 2022 14:30,-,-,-
13 February 2022 14:45,-,-,-
13 February 2022 15:00,-,-,-
13 February 2022 15:15,-,-,-
13 February 2022 15:30,-,-,-
13 February 2022 15:45,-,-,-
13 February 2022 16:00,-,-,-
13 February 2022 16:15,-,-,-
13 February 2022 16:30,-,-,-
13 February 2022 16:45,-,-,-
13 February 2022 17:00,-,-,-
13 February 2022 17:15,-,-,-
13 February 2022 17:30,-,-,-
13 February 2022 17:45,-,-,-
13 February 2022 18:00,-,-,-
13 February 2022 18:15,-,-,-
13 February 2022 18:30,-,-,-
13 February 2022 18:45,-,-,-
13 February 2022 19:00,-,-,-
13 February 2022 19:15,-,-,-
13 February 2022 19:30,-,-,-
13 February 2022 19:45,-,-,-
13 February 2022 20:00,-,-,-
13 February 2022 20:15,-,-,-
13 February 2022 20:30,-,-,-
13 February 2022 20:45,-,-,-
13 February 2022 21:00,-,-,-
13 February 2022 21:15,-,-,-
13 February 2022 21:30,-,-,-
13 February 2022 21:45,-,-,-
13 February 2022 22:00,-,-,-
13 February 2022 22:15,-,-,-
13 February 2022 22:30,-,-,-
13 February 2022 22:45,-,-,-
13 February 2022 23:00,-,-,-
13 February 2022 23:15,-,-,-
13 February 2022 23:30,-,-,-
13 February 2022 23:45,-,-,-
14 February 2022 00:00,-,-,-
14 February 2022 00:15,-,-,-
14 February 2022 00:30,-,-,-
14 February 2022 00:45,-,-,-
14 February 2022 01:00,-,-,-
14 February 2022 01:15,-,-,-
14 February 2022 01:30,-,-,-
14 February 2022 01:45,-,-,-
14 February 2022 02:00,-,-,-
14 February 2022 02:15,-,-,-
14 February 2022 02:30,-,-,-
14 February 2022 02:45,-,-,-
14 February 2022 03:00,-,-,-
14 February 2022 03:15,-,-,-
14 February 2022 03:30,-,-,-
14 February 2022 03:45,-,-,-
14 February 2022 04:00,-,-,-
14 February 2022 04:15,-,-,-
14 February 2022 04:30,-,-,-
14 February 2022 04:45,-,-,-
14 February 2022 05:00,-,-,-
14 February 2022 05:15,-,-,-
14 February 2022 05:30,-,-,-
14 February 2022 05:45,-,-,-
14 February 2022 06:00,-,-,-
14 February 2022 06:15,-,-,-
14 February 2022 06:30,-,-,-
14 February 2022 06:45,-,-,-
14 February 2022 07:00,-,-,-
14 February 2022 07:15,-,-,-
14 February 2022 07:30,-,-,-
14 February 2022 07:45,-,-,-
14 February 2022 08:00,-,-,-
14 February 2022 08:15,-,-,-
14 February 2022 08:30,-,-,-
14 February 2022 08:45,-,-,-
14 February 2022 09:00,-,-,-
14 February 2022 09:15,-,-,-
14 February 2022 09:30,-,-,-
14 February 2022 09:45,-,-,-
14 February 2022 10:00,-,-,-
14 February 2022 10:15,-,-,-
14 February 2022 10:30,-,-,-
14 February 2022 10:45,-,-,-
14 February 2022 11:00,-,-,-
14 February 2022 11:15,-,-,-
14 February 2022 11:30,-,-,-
14 February 2022 11:45,-,-,-
14 February 2022 12:00,-,-,-
14 February 2022 12:15,-,-,-
14 February 2022 12:30,-,-,-
14 February 2022 12:45,-,-,-
14 February 2022 13:00,-,-,-
14 February 2022 13:15,-,-,-
14 February 2022 13:30,-,-,-
14 February 2022 13:45,-,-,-
14 February 2022 14:00,-,-,-
14 February 2022 14:15,-,-,-
14 February 2022 14:30,-,-,-
14 February 2022 14:45,-,-,-
14 February 2022 15:00,-,-,-
14 February 2022 15:15,-,-,-
14 February 2022 15:30,-,-,-
14 February 2022 15:45,-,-,-
14 February 2022 16:00,-,-,-
14 February 2022 16:15,-,-,-
14 February 2022 16:30,-,-,-
14 February 2022 16:45,-,-,-
14 February 2022 17:00,-,-,-
14 February 2022 17:15,-,-,-
14 February 2022 17:30,-,-,-
14 February 2022 17:45,-,-,-
14 February 2022 18:00,-,-,-
14 February 2022 18:15,-,-,-
14 February 2022 18:30,-,-,-
14 February 2022 18:45,-,-,-
14 February 2022 19:00,-,-,-
14 February 2022 19:15,-,-,-
14 February 2022 19:30,-,-,-
14 February 2022 19:45,-,-,-
14 February 2022 20:00,-,-,-
14 February 2022 20:15,-,-,-
14 February 2022 20:30,-,-,-
14 February 2022 20:45,-,-,-
14 February 2022 21:00,-,-,-
14 February 2022 21:15,-,-,-
14 February 2022 21:30,-,-,-
14 February 2022 21:45,-,-,-
14 February 2022 22:00,-,-,-
14 February 2022 22:15,-,-,-
14 February 2022 22:30,-,-,-
14 February 2022 22:45,-,-,-
14 February 2022 23:00,-,-,-
14 February 2022 23:15,-,-,-
14 February 2022 23:30,-,-,-
14 February 2022 23:45,-,-,-
15 February 2022 00:00,-,-,-
15 February 2022 00:15,-,-,-
15 February 2022 00:30,-,-,-
15 February 2022 00:45,-,-,-
15 February 2022 01:00,-,-,-
15 February 2022 01:15,-,-,-
15 February 2022 01:30,-,-,-
15 February 2022 01:45,-,-,-
15 February 2022 02:00,-,-,-
15 February 2022 02:15,-,-,-
15 February 2022 02:30,-,-,-
15 February 2022 02:45,-,-,-
15 February 2022 03:00,-,-,-
15 February 2022 03:15,-,-,-
15 February 2022 03:30,-,-,-
15 February 2022 03:45,-,-,-
15 February 2022 04:00,-,-,-
15 February 2022 04:15,-,-,-
15 February 2022 04:30,-,-,-
15 February 2022 04:45,-,-,-
15 February 2022 05:00,-,-,-
15 February 2022 05:15,-,-,-
15 February 2022 05:30,-,-,-
15 February 2022 05:45,-,-,-
15 February 2022 06:00,-,-,-
15 February 2022 06:15,-,-,-
15 February 2022 06:30,-,-,-
15 February 2022 06:45,-,-,-
15 February 2022 07:00,-,-,-
15 February 2022 07:15,-,-,-
15 February 2022 07:30,-,-,-
15 February 2022 07:45,-,-,-
15 February 2022 08:00,-,-,-
15 February 2022 08:15,-,-,-
15 February 2022 08:30,-,-,-
15 February 2022 08:45,-,-,-
15 February 2022 09:00,-,-,-
15 February 2022 09:15,-,-,-
15 February 2022 09:30,-,-,-
15 February 2022 09:45,-,-,-
15 February 2022 10:00,-,-,-
15 February 2022 10:15,-,-,-
15 February 2022 10:30,-,-,-
15 February 2022 10:45,-,-,-
15 February 2022 11:00,-,-,-
15 February 2022 11:15,-,-,-
15 February 2022 11:30,-,-,-
15 February 2022 11:45,-,-,-
15 February 2022 12:00,-,-,-
15 February 2022 12:15,-,-,-
15 February 2022 12:30,-,-,-
15 February 2022 12:45,-,-,-
15 February 2022 13:00,-,-,-
15 February 2022 13:15,-,-,-
15 February 2022 13:30,-,-,-
15 February 2022 13:45,-,-,-
15 February 2022 14:00,-,-,-
15 February 2022 14:15,-,-,-
15 February 2022 14:30,-,-,-
15 February 2022 14:45,-,-,-
15 February 2022 15:00,-,-,-
15 February 2022 15:15,-,-,-
15 February 2022 15:30,-,-,-
15 February 2022 15:45,-,-,-
15 February 2022 16:00,-,-,-
15 February 2022 16:15,-,-,-
15 February 2022 16:30,-,-,-
15 February 2022 16:45,-,-,-
15 February 2022 17:00,-,-,-
15 February 2022 17:15,-,-,-
15 February 2022 17:30,-,-,-
15 February 2022 17:45,-,-,-
15 February 2022 18:00,-,-,-
15 February 2022 18:15,-,-,-
15 February 2022 18:30,-,-,-
15 February 2022 18:45,-,-,-
15 February 2022 19:00,-,-,-
15 February 2022 19:15,-,-,-
15 February 2022 19:30,-,-,-
15 February 2022 19:45,-,-,-
15 February 2022 20:00,-,-,-
15 February 2022 20:15,-,-,-
15 February 2022 20:30,-,-,-
15 February 2022 20:45,-,-,-
15 February 2022 21:00,-,-,-
15 February 2022 21:15,-,-,-
15 February 2022 21:30,-,-,-
15 February 2022 21:45,-,-,-
15 February 2022 22:00,-,-,-
15 February 2022 22:15,-,-,-
15 February 2022 22:30,-,-,-
15 February 2022 22:45,-,-,-
15 February 2022 23:00,-,-,-
15 February 2022 23:15,-,-,-
15 February 2022 23:30,-,-,-
15 February 2022 23:45,-,-,-
16 February 2022 00:00,-,-,-
16 February 2022 00:15,-,-,-
16 February 2022 00:30,-,-,-
16 February 2022 00:45,-,-,-
16 February 2022 01:00,-,-,-
16 February 2022 01:15,-,-,-
16 February 2022 01:30,-,-,-
16 February 2022 01:45,-,-,-
16 February 2022 02:00,-,-,-
16 February 2022 02:15,-,-,-
16 February 2022 02:30,-,-,-
16 February 2022 02:45,-,-,-
16 February 2022 03:00,-,-,-
16 February 2022 03:15,-,-,-
16 February 2022 03:30,-,-,-
16 February 2022 03:45,-,-,-
16 February 2022 04:00,-,-,-
16 February 2022 04:15,-,-,-
16 February 2022 04:30,-,-,-
16 February 2022 04:45,-,-,-
16 February 2022 05:00,-,-,-
16 February 2022 05:15,-,-,-
16 February 2022 05:30,-,-,-
16 February 2022 05:45,-,-,-
16 February 2022 06:00,-,-,-
16 February 2022 06:15,-,-,-
16 February 2022 06:30,-,-,-
16 February 2022 06:45,-,-,-
16 February 2022 07:00,-,-,-
16 February 2022 07:15,-,-,-
16 February 2022 07:30,-,-,-
16 February 2022 07:45,-,-,-
16 February 2022 08:00,-,-,-
16 February 2022 08:15,-,-,-
16 February 2022 08:30,-,-,-
16 February 2022 08:45,-,-,-
16 February 2022 09:00,-,-,-
16 February 2022 09:15,-,-,-
16 February 2022 09:30,-,-,-
16 February 2022 09:45,-,-,-
16 February 2022 10:00,-,-,-
16 February 2022 10:15,-,-,-
16 February 2022 10:30,-,-,-
16 February 2022 10:45,-,-,-
16 February 2022 11:00,-,-,-
16 February 2022 11:15,-,-,-
16 February 2022 11:30,-,-,-
16 February 2022 11:45,-,-,-
16 February 2022 12:00,-,-,-
16 February 2022 12:15,-,-,-
16 February 2022 12:30,-,-,-
16 February 2022 12:45,-,-,-
16 February 2022 13:00,-,-,-
16 February 2022 13:15,-,-,-
16 February 2022 13:30,-,-,-
16 February 2022 13:45,-,-,-
16 February 2022 14:00,-,-,-
16 February 2022 14:15,-,-,-
16 February 2022 14:30,-,-,-
16 February 2022 14:45,-,-,-
16 February 2022 15:00,-,-,-
16 February 2022 15:15,-,-,-
16 February 2022 15:30,-,-,-
16 February 2022 15:45,-,-,-
16 February 2022 16:00,-,-,-
16 February 2022 16:15,-,-,-
16 February 2022 16:30,-,-,-
16 February 2022 16:45,-,-,-
16 February 2022 17:00,-,-,-
16 February 2022 17:15,-,-,-
16 February 2022 17:30,-,-,-
16 February 2022 17:45,-,-,-
16 February 2022 18:00,-,-,-
16 February 2022 18:15,-,-,-
16 February 2022 18:30,-,-,-
16 February 2022 18:45,-,-,-
16 February 2022 19:00,-,-,-
16 February 2022 19:15,-,-,-
16 February 2022 19:30,-,-,-
16 February 2022 19:45,-,-,-
16 February 2022 20:00,-,-,-
16 February 2022 20:15,-,-,-
16 February 2022 20:30,-,-,-
16 February 2022 20:45,-,-,-
16 February 2022 21:00,-,-,-
16 February 2022 21:15,-,-,-
16 February 2022 21:30,-,-,-
16 February 2022 21:45,-,-,-
16 February 2022 22:00,-,-,-
16 February 2022 22:15,-,-,-
16 February 2022 22:30,-,-,-
16 February 2022 22:45,-,-,-
16 February 2022 23:00,-,-,-
16 February 2022 23:15,-,-,-
16 February 2022 23:30,-,-,-
16 February 2022 23:45,-,-,-
17 February 2022 00:00,-,-,-
17 February 2022 00:15,-,-,-
17 February 2022 00:30,-,-,-
17 February 2022 00:45,-,-,-
17 February 2022 01:00,-,-,-
17 February 2022 01:15,-,-,-
17 February 2022 01:30,-,-,-
17 February 2022 01:45,-,-,-
17 February 2022 02:00,-,-,-
17 February 2022 02:15,-,-,-
17 February 2022 02:30,-,-,-
17 February 2022 02:45,-,-,-
17 February 2022 03:00,-,-,-
17 February 2022 03:15,-,-,-
17 February 2022 03:30,-,-,-
17 February 2022 03:45,-,-,-
17 February 2022 04:00,-,-,-
17 February 2022 04:15,-,-,-
17 February 2022 04:30,-,-,-
17 February 2022 04:45,-,-,-
17 February 2022 05:00,-,-,-
17 February 2022 05:15,-,-,-
17 February 2022 05:30,-,-,-
17 February 2022 05:45,-,-,-
17 February 2022 06:00,-,-,-
17 February 2022 06:15,-,-,-
17 February 2022 06:30,-,-,-
17 February 2022 06:45,-,-,-
17 February 2022 07:00,-,-,-
17 February 2022 07:15,-,-,-
17 February 2022 07:30,-,-,-
17 February 2022 07:45,-,-,-
17 February 2022 08:00,-,-,-
17 February 2022 08:15,-,-,-
17 February 2022 08:30,-,-,-
17 February 2022 08:45,-,-,-
17 February 2022 09:00,-,-,-
17 February 2022 09:15,-,-,-
17 February 2022 09:30,-,-,-
17 February 2022 09:45,-,-,-
17 February 2022 10:00,-,-,-
17 February 2022 10:15,-,-,-
17 February 2022 10:30,-,-,-
17 February 2022 10:45,-,-,-
17 February 2022 11:00,-,-,-
17 February 2022 11:15,-,-,-
17 February 2022 11:30,-,-,-
17 February 2022 11:45,-,-,-
17 February 2022 12:00,-,-,-
17 February 2022 12:15,-,-,-
17 February 2022 12:30,-,-,-
17 February 2022 12:45,-,-,-
17 February 2022 13:00,-,-,-
17 February 2022 13:15,-,-,-
17 February 2022 13:30,-,-,-
17 February 2022 13:45,-,-,-
17 February 2022 14:00,-,-,-
17 February 2022 14:15,-,-,-
17 February 2022 14:30,-,-,-
17 February 2022 14:45,-,-,-
17 February 2022 15:00,-,-,-
17 February 2022 15:15,-,-,-
17 February 2022 15:30,-,-,-
17 February 2022 15:45,-,-,-
17 February 2022 16:00,-,-,-
17 February 2022 16:15,-,-,-
17 February 2022 16:30,-,-,-
17 February 2022 16:45,-,-,-
17 February 2022 17:00,-,-,-
17 February 2022 17:15,-,-,-
17 February 2022 17:30,-,-,-
17 February 2022 17:45,-,-,-
17 February 2022 18:00,-,-,-
17 February 2022 18:15,-,-,-
17 February 2022 18:30,-,-,-
17 February 2022 18:45,-,-,-
17 February 2022 19:00,-,-,-
17 February 2022 19:15,-,-,-
17 February 2022 19:30,-,-,-
17 February 2022 19:45,-,-,-
17 February 2022 20:00,-,-,-
17 February 2022 20:15,-,-,-
17 February 2022 20:30,-,-,-
17 February 2022 20:45,-,-,-
17 February 2022 21:00,-,-,-
17 February 2022 21:15,-,-,-
17 February 2022 21:30,-,-,-
17 February 2022 21:45,-,-,-
17 February 2022 22:00,-,-,-
17 February 2022 22:15,-,-,-
17 February 2022 22:30,-,-,-
17 February 2022 22:45,-,-,-
17 February 2022 23:00,-,-,-
17 February 2022 23:15,-,-,-
17 February 2022 23:30,-,-,-
17 February 2022 23:45,-,-,-
18 February 2022 00:00,-,-,-
18 February 2022 00:15,-,-,-
18 February 2022 00:30,-,-,-
18 February 2022 00:45,-,-,-
18 February 2022 01:00,-,-,-
18 February 2022 01:15,-,-,-
18 February 2022 01:30,-,-,-
18 February 2022 01:45,-,-,-
18 February 2022 02:00,-,-,-
18 February 2022 02:15,-,-,-
18 February 2022 02:30,-,-,-
18 February 2022 02:45,-,-,-
18 February 2022 03:00,-,-,-
18 February 2022 03:15,-,-,-
18 February 2022 03:30,-,-,-
18 February 2022 03:45,-,-,-
18 February 2022 04:00,-,-,-
18 February 2022 04:15,-,-,-
18 February 2022 04:30,-,-,-
18 February 2022 04:45,-,-,-
18 February 2022 05:00,-,-,-
18 February 2022 05:15,-,-,-
18 February 2022 05:30,-,-,-
18 February 2022 05:45,-,-,-
18 February 2022 06:00,-,-,-
18 February 2022 06:15,-,-,-
18 February 2022 06:30,-,-,-
18 February 2022 06:45,-,-,-
18 February 2022 07:00,-,-,-
18 February 2022 07:15,-,-,-
18 February 2022 07:30,-,-,-
18 February 2022 07:45,-,-,-
18 February 2022 08:00,-,-,-
18 February 2022 08:15,-,-,-
18 February 2022 08:30,-,-,-
18 February 2022 08:45,-,-,-
18 February 2022 09:00,-,-,-
18 February 2022 09:15,-,-,-
18 February 2022 09:30,-,-,-
18 February 2022 09:45,-,-,-
18 February 2022 10:00,-,-,-
18 February 2022 10:15,-,-,-
18 February 2022 10:30,-,-,-
18 February 2022 10:45,-,-,-
18 February 2022 11:00,-,-,-
18 February 2022 11:15,-,-,-
18 February 2022 11:30,-,-,-
18 February 2022 11:45,-,-,-
18 February 2022 12:00,-,-,-
18 February 2022 12:15,-,-,-
18 February 2022 12:30,-,-,-
18 February 2022 12:45,-,-,-
18 February 2022 13:00,-,-,-
18 February 2022 13:15,-,-,-
18 February 2022 13:30,-,-,-
18 February 2022 13:45,-,-,-
18 February 2022 14:00,-,-,-
18 February 2022 14:15,-,-,-
18 February 2022 14:30,-,-,-
18 February 2022 14:45,-,-,-
18 February 2022 15:00,-,-,-
18 February 2022 15:15,-,-,-
18 February 2022 15:30,-,-,-
18 February 2022 15:45,-,-,-
18 February 2022 16:00,-,-,-
18 February 2022 16:15,-,-,-
18 February 2022 16:30,-,-,-
18 February 2022 16:45,-,-,-
18 February 2022 17:00,-,-,-
18 February 2022 17:15,-,-,-
18 February 2022 17:30,-,-,-
18 February 2022 17:45,-,-,-
18 February 2022 18:00,-,-,-
18 February 2022 18:15,-,-,-
18 February 2022 18:30,-,-,-
18 February 2022 18:45,-,-,-
18 February 2022 19:00,-,-,-
18 February 2022 19:15,-,-,-
18 February 2022 19:30,-,-,-
18 February 2022 19:45,-,-,-
18 February 2022 20:00,-,-,-
18 February 2022 20:15,-,-,-
18 February 2022 20:30,-,-,-
18 February 2022 20:45,-,-,-
18 February 2022 21:00,-,-,-
18 February 2022 21:15,-,-,-
18 February 2022 21:30,-,-,-
18 February 2022 21:45,-,-,-
18 February 2022 22:00,-,-,-
18 February 2022 22:15,-,-,-
18 February 2022 22:30,-,-,-
18 February 2022 22:45,-,-,-
18 February 2022 23:00,-,-,-
18 February 2022 23:15,-,-,-
18 February 2022 23:30,-,-,-
18 February 2022 23:45,-,-,-
19 February 2022 00:00,-,-,-
19 February 2022 00:15,-,-,-
19 February 2022 00:30,-,-,-
19 February 2022 00:45,-,-,-
19 February 2022 01:00,-,-,-
19 February 2022 01:15,-,-,-
19 February 2022 01:30,-,-,-
19 February 2022 01:45,-,-,-
19 February 2022 02:00,-,-,-
19 February 2022 02:15,-,-,-
19 February 2022 02:30,-,-,-
19 February 2022 02:45,-,-,-
19 February 2022 03:00,-,-,-
19 February 2022 03:15,-,-,-
19 February 2022 03:30,-,-,-
19 February 2022 03:45,-,-,-
19 February 2022 04:00,-,-,-
19 February 2022 04:15,-,-,-
19 February 2022 04:30,-,-,-
19 February 2022 04:45,-,-,-
19 February 2022 05:00,-,-,-
19 February 2022 05:15,-,-,-
19 February 2022 05:30,-,-,-
19 February 2022 05:45,-,-,-
19 February 2022 06:00,-,-,-
19 February 2022 06:15,-,-,-
19 February 2022 06:30,-,-,-
19 February 2022 06:45,-,-,-
19 February 2022 07:00,-,-,-
19 February 2022 07:15,-,-,-
19 February 2022 07:30,-,-,-
19 February 2022 07:45,-,-,-
19 February 2022 08:00,-,-,-
19 February 2022 08:15,-,-,-
19 February 2022 08:30,-,-,-
19 February 2022 08:45,-,-,-
19 February 2022 09:00,-,-,-
19 February 2022 09:15,-,-,-
19 February 2022 09:30,-,-,-
19 February 2022 09:45,-,-,-
19 February 2022 10:00,-,-,-
19 February 2022 10:15,-,-,-
19 February 2022 10:30,-,-,-
19 February 2022 10:45,-,-,-
19 February 2022 11:00,-,-,-
19 February 2022 11:15,-,-,-
19 February 2022 11:30,-,-,-
19 February 2022 11:45,-,-,-
19 February 2022 12:00,-,-,-
19 February 2022 12:15,-,-,-
19 February 2022 12:30,-,-,-
19 February 2022 12:45,-,-,-
19 February 2022 13:00,-,-,-
19 February 2022 13:15,-,-,-
19 February 2022 13:30,-,-,-
19 February 2022 13:45,-,-,-
19 February 2022 14:00,-,-,-
19 February 2022 14:15,-,-,-
19 February 2022 14:30,-,-,-
19 February 2022 14:45,-,-,-
19 February 2022 15:00,-,-,-
19 February 2022 15:15,-,-,-
19 February 2022 15:30,-,-,-
19 February 2022 15:45,-,-,-
19 February 2022 16:00,-,-,-
19 February 2022 16:15,-,-,-
19 February 2022 16:30,-,-,-
19 February 2022 16:45,-,-,-
19 February 2022 17:00,-,-,-
19 February 2022 17:15,-,-,-
19 February 2022 17:30,-,-,-
19 February 2022 17:45,-,-,-
19 February 2022 18:00,-,-,-
19 February 2022 18:15,-,-,-
19 February 2022 18:30,-,-,-
19 February 2022 18:45,-,-,-
19 February 2022 19:00,-,-,-
19 February 2022 19:15,-,-,-
19 February 2022 19:30,-,-,-
19 February 2022 19:45,-,-,-
19 February 2022 20:00,-,-,-
19 February 2022 20:15,-,-,-
19 February 2022 20:30,-,-,-
19 February 2022 20:45,-,-,-
19 February 2022 21:00,-,-,-
19 February 2022 21:15,-,-,-
19 February 2022 21:30,-,-,-
19 February 2022 21:45,-,-,-
19 February 2022 22:00,-,-,-
19 February 2022 22:15,-,-,-
19 February 2022 22:30,-,-,-
19 February 2022 22:45,-,-,-
19 February 2022 23:00,-,-,-
19 February 2022 23:15,-,-,-
19 February 2022 23:30,-,-,-
19 February 2022 23:45,-,-,-
20 February 2022 00:00,-,-,-
20 February 2022 00:15,-,-,-
20 February 2022 00:30,-,-,-
20 February 2022 00:45,-,-,-
20 February 2022 01:00,-,-,-
20 February 2022 01:15,-,-,-
20 February 2022 01:30,-,-,-
20 February 2022 01:45,-,-,-
20 February 2022 02:00,-,-,-
20 February 2022 02:15,-,-,-
20 February 2022 02:30,-,-,-
20 February 2022 02:45,-,-,-
20 February 2022 03:00,-,-,-
20 February 2022 03:15,-,-,-
20 February 2022 03:30,-,-,-
20 February 2022 03:45,-,-,-
20 February 2022 04:00,-,-,-
20 February 2022 04:15,-,-,-
20 February 2022 04:30,-,-,-
20 February 2022 04:45,-,-,-
20 February 2022 05:00,-,-,-
20 February 2022 05:15,-,-,-
20 February 2022 05:30,-,-,-
20 February 2022 05:45,-,-,-
20 February 2022 06:00,-,-,-
20 February 2022 06:15,-,-,-
20 February 2022 06:30,-,-,-
20 February 2022 06:45,-,-,-
20 February 2022 07:00,-,-,-
20 February 2022 07:15,-,-,-
20 February 2022 07:30,-,-,-
20 February 2022 07:45,-,-,-
20 February 2022 08:00,-,-,-
20 February 2022 08:15,-,-,-
20 February 2022 08:30,-,-,-
20 February 2022 08:45,-,-,-
20 February 2022 09:00,-,-,-
20 February 2022 09:15,-,-,-
20 February 2022 09:30,-,-,-
20 February 2022 09:45,-,-,-
20 February 2022 10:00,-,-,-
20 February 2022 10:15,-,-,-
20 February 2022 10:30,-,-,-
20 February 2022 10:45,-,-,-
20 February 2022 11:00,-,-,-
20 February 2022 11:15,-,-,-
20 February 2022 11:30,-,-,-
20 February 2022 11:45,-,-,-
20 February 2022 12:00,-,-,-
20 February 2022 12:15,-,-,-
20 February 2022 12:30,-,-,-
20 February 2022 12:45,-,-,-
20 February 2022 13:00,-,-,-
20 February 2022 13:15,-,-,-
20 February 2022 13:30,-,-,-
20 February 2022 13:45,-,-,-
20 February 2022 14:00,-,-,-
20 February 2022 14:15,-,-,-
20 February 2022 14:30,-,-,-
20 February 2022 14:45,-,-,-
20 February 2022 15:00,-,-,-
20 February 2022 15:15,-,-,-
20 February 2022 15:30,-,-,-
20 February 2022 15:45,-,-,-
20 February 2022 16:00,-,-,-
20 February 2022 16:15,-,-,-
20 February 2022 16:30,-,-,-
20 February 2022 16:45,-,-,-
20 February 2022 17:00,-,-,-
20 February 2022 17:15,-,-,-
20 February 2022 17:30,-,-,-
20 February 2022 17:45,-,-,-
20 February 2022 18:00,-,-,-
20 February 2022 18:15,-,-,-
20 February 2022 18:30,-,-,-
20 February 2022 18:45,-,-,-
20 February 2022 19:00,-,-,-
20 February 2022 19:15,-,-,-
20 February 2022 19:30,-,-,-
20 February 2022 19:45,-,-,-
20 February 2022 20:00,-,-,-
20 February 2022 20:15,-,-,-
20 February 2022 20:30,-,-,-
20 February 2022 20:45,-,-,-
20 February 2022 21:00,-,-,-
20 February 2022 21:15,-,-,-
20 February 2022 21:30,-,-,-
20 February 2022 21:45,-,-,-
20 February 2022 22:00,-,-,-
20 February 2022 22:15,-,-,-
20 February 2022 22:30,-,-,-
20 February 2022 22:45,-,-,-
20 February 2022 23:00,-,-,-
20 February 2022 23:15,-,-,-
20 February 2022 23:30,-,-,-
20 February 2022 23:45,-,-,-
21 February 2022 00:00,-,-,-
21 February 2022 00:15,-,-,-
21 February 2022 00:30,-,-,-
21 February 2022 00:45,-,-,-
21 February 2022 01:00,-,-,-
21 February 2022 01:15,-,-,-
21 February 2022 01:30,-,-,-
21 February 2022 01:45,-,-,-
21 February 2022 02:00,-,-,-
21 February 2022 02:15,-,-,-
21 February 2022 02:30,-,-,-
21 February 2022 02:45,-,-,-
21 February 2022 03:00,-,-,-
21 February 2022 03:15,-,-,-
21 February 2022 03:30,-,-,-
21 February 2022 03:45,-,-,-
21 February 2022 04:00,-,-,-
21 February 2022 04:15,-,-,-
21 February 2022 04:30,-,-,-
21 February 2022 04:45,-,-,-
21 February 2022 05:00,-,-,-
21 February 2022 05:15,-,-,-
21 February 2022 05:30,-,-,-
21 February 2022 05:45,-,-,-
21 February 2022 06:00,-,-,-
21 February 2022 06:15,-,-,-
21 February 2022 06:30,-,-,-
21 February 2022 06:45,-,-,-
21 February 2022 07:00,-,-,-
21 February 2022 07:15,-,-,-
21 February 2022 07:30,-,-,-
21 February 2022 07:45,-,-,-
21 February 2022 08:00,-,-,-
21 February 2022 08:15,-,-,-
21 February 2022 08:30,-,-,-
21 February 2022 08:45,-,-,-
21 February 2022 09:00,-,-,-
21 February 2022 09:15,-,-,-
21 February 2022 09:30,-,-,-
21 February 2022 09:45,-,-,-
21 February 2022 10:00,-,-,-
21 February 2022 10:15,-,-,-
21 February 2022 10:30,-,-,-
21 February 2022 10:45,-,-,-
21 February 2022 11:00,-,-,-
21 February 2022 11:15,-,-,-
21 February 2022 11:30,-,-,-
21 February 2022 11:45,-,-,-
21 February 2022 12:00,-,-,-
21 February 2022 12:15,-,-,-
21 February 2022 12:30,-,-,-
21 February 2022 12:45,-,-,-
21 February 2022 13:00,-,-,-
21 February 2022 13:15,-,-,-
21 February 2022 13:30,-,-,-
21 February 2022 13:45,-,-,-
21 February 2022 14:00,-,-,-
21 February 2022 14:15,-,-,-
21 February 2022 14:30,-,-,-
21 February 2022 14:45,-,-,-
21 February 2022 15:00,-,-,-
21 February 2022 15:15,-,-,-
21 February 2022 15:30,-,-,-
21 February 2022 15:45,-,-,-
21 February 2022 16:00,-,-,-
21 February 2022 16:15,-,-,-
21 February 2022 16:30,-,-,-
21 February 2022 16:45,-,-,-
21 February 2022 17:00,-,-,-
21 February 2022 17:15,-,-,-
21 February 2022 17:30,-,-,-
21 February 2022 17:45,-,-,-
21 February 2022 18:00,-,-,-
21 February 2022 18:15,-,-,-
21 February 2022 18:30,-,-,-
21 February 2022 18:45,-,-,-
21 February 2022 19:00,-,-,-
21 February 2022 19:15,-,-,-
21 February 2022 19:30,-,-,-
21 February 2022 19:45,-,-,-
21 February 2022 20:00,-,-,-
21 February 2022 20:15,-,-,-
21 February 2022 20:30,-,-,-
21 February 2022 20:45,-,-,-
21 February 2022 21:00,-,-,-
21 February 2022 21:15,-,-,-
21 February 2022 21:30,-,-,-
21 February 2022 21:45,-,-,-
21 February 2022 22:00,-,-,-
21 February 2022 22:15,-,-,-
21 February 2022 22:30,-,-,-
21 February 2022 22:45,-,-,-
21 February 2022 23:00,-,-,-
21 February 2022 23:15,-,-,-
21 February 2022 23:30,-,-,-
21 February 2022 23:45,-,-,-
22 February 2022 00:00,-,-,-
22 February 2022 00:15,-,-,-
22 February 2022 00:30,-,-,-
22 February 2022 00:45,-,-,-
22 February 2022 01:00,-,-,-
22 February 2022 01:15,-,-,-
22 February 2022 01:30,-,-,-
22 February 2022 01:45,-,-,-
22 February 2022 02:00,-,-,-
22 February 2022 02:15,-,-,-
22 February 2022 02:30,-,-,-
22 February 2022 02:45,-,-,-
22 February 2022 03:00,-,-,-
22 February 2022 03:15,-,-,-
22 February 2022 03:30,-,-,-
22 February 2022 03:45,-,-,-
22 February 2022 04:00,-,-,-
22 February 2022 04:15,-,-,-
22 February 2022 04:30,-,-,-
22 February 2022 04:45,-,-,-
22 February 2022 05:00,-,-,-
22 February 2022 05:15,-,-,-
22 February 2022 05:30,-,-,-
22 February 2022 05:45,-,-,-
22 February 2022 06:00,-,-,-
22 February 2022 06:15,-,-,-
22 February 2022 06:30,-,-,-
22 February 2022 06:45,-,-,-
22 February 2022 07:00,-,-,-
22 February 2022 07:15,-,-,-
22 February 2022 07:30,-,-,-
22 February 2022 07:45,-,-,-
22 February 2022 08:00,-,-,-
22 February 2022 08:15,-,-,-
22 February 2022 08:30,-,-,-
22 February 2022 08:45,-,-,-
22 February 2022 09:00,-,-,-
22 February 2022 09:15,-,-,-
22 February 2022 09:30,-,-,-
22 February 2022 09:45,-,-,-
22 February 2022 10:00,-,-,-
22 February 2022 10:15,-,-,-
22 February 2022 10:30,-,-,-
22 February 2022 10:45,-,-,-
22 February 2022 11:00,-,-,-
22 February 2022 11:15,-,-,-
22 February 2022 11:30,-,-,-
22 February 2022 11:45,-,-,-
22 February 2022 12:00,-,-,-
22 February 2022 12:15,-,-,-
22 February 2022 12:30,-,-,-
22 February 2022 12:45,-,-,-
22 February 2022 13:00,-,-,-
22 February 2022 13:15,-,-,-
22 February 2022 13:30,-,-,-
22 February 2022 13:45,-,-,-
22 February 2022 14:00,-,-,-
22 February 2022 14:15,-,-,-
22 February 2022 14:30,-,-,-
22 February 2022 14:45,-,-,-
22 February 2022 15:00,-,-,-
22 February 2022 15:15,-,-,-
22 February 2022 15:30,-,-,-
22 February 2022 15:45,-,-,-
22 February 2022 16:00,-,-,-
22 February 2022 16:15,-,-,-
22 February 2022 16:30,-,-,-
22 February 2022 16:45,-,-,-
22 February 2022 17:00,-,-,-
22 February 2022 17:15,-,-,-
22 February 2022 17:30,-,-,-
22 February 2022 17:45,-,-,-
22 February 2022 18:00,-,-,-
22 February 2022 18:15,-,-,-
22 February 2022 18:30,-,-,-
22 February 2022 18:45,-,-,-
22 February 2022 19:00,-,-,-
22 February 2022 19:15,-,-,-
22 February 2022 19:30,-,-,-
22 February 2022 19:45,-,-,-
22 February 2022 20:00,-,-,-
22 February 2022 20:15,-,-,-
22 February 2022 20:30,-,-,-
22 February 2022 20:45,-,-,-
22 February 2022 21:00,-,-,-
22 February 2022 21:15,-,-,-
22 February 2022 21:30,-,-,-
22 February 2022 21:45,-,-,-
22 February 2022 22:00,-,-,-
22 February 2022 22:15,-,-,-
22 February 2022 22:30,-,-,-
22 February 2022 22:45,-,-,-
22 February 2022 23:00,-,-,-
22 February 2022 23:15,-,-,-
22 February 2022 23:30,-,-,-
22 February 2022 23:45,-,-,-
23 February 2022 00:00,-,-,-
23 February 2022 00:15,-,-,-
23 February 2022 00:30,-,-,-
23 February 2022 00:45,-,-,-
23 February 2022 01:00,-,-,-
23 February 2022 01:15,-,-,-
23 February 2022 01:30,-,-,-
23 February 2022 01:45,-,-,-
23 February 2022 02:00,-,-,-
23 February 2022 02:15,-,-,-
23 February 2022 02:30,-,-,-
23 February 2022 02:45,-,-,-
23 February 2022 03:00,-,-,-
23 February 2022 03:15,-,-,-
23 February 2022 03:30,-,-,-
23 February 2022 03:45,-,-,-
23 February 2022 04:00,-,-,-
23 February 2022 04:15,-,-,-
23 February 2022 04:30,-,-,-
23 February 2022 04:45,-,-,-
23 February 2022 05:00,-,-,-
23 February 2022 05:15,-,-,-
23 February 2022 05:30,-,-,-
23 February 2022 05:45,-,-,-
23 February 2022 06:00,-,-,-
23 February 2022 06:15,-,-,-
23 February 2022 06:30,-,-,-
23 February 2022 06:45,-,-,-
23 February 2022 07:00,-,-,-
23 February 2022 07:15,-,-,-
23 February 2022 07:30,-,-,-
23 February 2022 07:45,-,-,-
23 February 2022 08:00,-,-,-
23 February 2022 08:15,-,-,-
23 February 2022 08:30,-,-,-
23 February 2022 08:45,-,-,-
23 February 2022 09:00,-,-,-
23 February 2022 09:15,-,-,-
23 February 2022 09:30,-,-,-
23 February 2022 09:45,-,-,-
23 February 2022 10:00,-,-,-
23 February 2022 10:15,-,-,-
23 February 2022 10:30,-,-,-
23 February 2022 10:45,-,-,-
23 February 2022 11:00,-,-,-
23 February 2022 11:15,-,-,-
23 February 2022 11:30,-,-,-
23 February 2022 11:45,-,-,-
23 February 2022 12:00,-,-,-
23 February 2022 12:15,-,-,-
23 February 2022 12:30,-,-,-
23 February 2022 12:45,-,-,-
23 February 2022 13:00,-,-,-
23 February 2022 13:15,-,-,-
23 February 2022 13:30,-,-,-
23 February 2022 13:45,-,-,-
23 February 2022 14:00,-,-,-
23 February 2022 14:15,-,-,-
23 February 2022 14:30,-,-,-
23 February 2022 14:45,-,-,-
23 February 2022 15:00,-,-,-
23 February 2022 15:15,-,-,-
23 February 2022 15:30,-,-,-
23 February 2022 15:45,-,-,-
23 February 2022 16:00,-,-,-
23 February 2022 16:15,-,-,-
23 February 2022 16:30,-,-,-
23 February 2022 16:45,-,-,-
23 February 2022 17:00,-,-,-
23 February 2022 17:15,-,-,-
23 February 2022 17:30,-,-,-
23 February 2022 17:45,-,-,-
23 February 2022 18:00,-,-,-
23 February 2022 18:15,-,-,-
23 February 2022 18:30,-,-,-
23 February 2022 18:45,-,-,-
23 February 2022 19:00,-,-,-
23 February 2022 19:15,-,-,-
23 February 2022 19:30,-,-,-
23 February 2022 19:45,-,-,-
23 February 2022 20:00,-,-,-
23 February 2022 20:15,-,-,-
23 February 2022 20:30,-,-,-
23 February 2022 20:45,-,-,-
23 February 2022 21:00,-,-,-
23 February 2022 21:15,-,-,-
23 February 2022 21:30,-,-,-
23 February 2022 21:45,-,-,-
23 February 2022 22:00,-,-,-
23 February 2022 22:15,-,-,-
23 February 2022 22:30,-,-,-
23 February 2022 22:45,-,-,-
23 February 2022 23:00,-,-,-
23 February 2022 23:15,-,-,-
23 February 2022 23:30,-,-,-
23 February 2022 23:45,-,-,-
24 February 2022 00:00,-,-,-
24 February 2022 00:15,-,-,-
24 February 2022 00:30,-,-,-
24 February 2022 00:45,-,-,-
24 February 2022 01:00,-,-,-
24 February 2022 01:15,-,-,-
24 February 2022 01:30,-,-,-
24 February 2022 01:45,-,-,-
24 February 2022 02:00,-,-,-
24 February 2022 02:15,-,-,-
24 February 2022 02:30,-,-,-
24 February 2022 02:45,-,-,-
24 February 2022 03:00,-,-,-
24 February 2022 03:15,-,-,-
24 February 2022 03:30,-,-,-
24 February 2022 03:45,-,-,-
24 February 2022 04:00,-,-,-
24 February 2022 04:15,-,-,-
24 February 2022 04:30,-,-,-
24 February 2022 04:45,-,-,-
24 February 2022 05:00,-,-,-
24 February 2022 05:15,-,-,-
24 February 2022 05:30,-,-,-
24 February 2022 05:45,-,-,-
24 February 2022 06:00,-,-,-
24 February 2022 06:15,-,-,-
24 February 2022 06:30,-,-,-
24 February 2022 06:45,-,-,-
24 February 2022 07:00,-,-,-
24 February 2022 07:15,-,-,-
24 February 2022 07:30,-,-,-
24 February 2022 07:45,-,-,-
24 February 2022 08:00,-,-,-
24 February 2022 08:15,-,-,-
24 February 2022 08:30,-,-,-
24 February 2022 08:45,-,-,-
24 February 2022 09:00,-,-,-
24 February 2022 09:15,-,-,-
24 February 2022 09:30,-,-,-
24 February 2022 09:45,-,-,-
24 February 2022 10:00,-,-,-
24 February 2022 10:15,-,-,-
24 February 2022 10:30,-,-,-
24 February 2022 10:45,-,-,-
24 February 2022 11:00,-,-,-
24 February 2022 11:15,-,-,-
24 February 2022 11:30,-,-,-
24 February 2022 11:45,-,-,-
24 February 2022 12:00,-,-,-
24 February 2022 12:15,-,-,-
24 February 2022 12:30,-,-,-
24 February 2022 12:45,-,-,-
24 February 2022 13:00,-,-,-
24 February 2022 13:15,-,-,-
24 February 2022 13:30,-,-,-
24 February 2022 13:45,-,-,-
24 February 2022 14:00,-,-,-
24 February 2022 14:15,-,-,-
24 February 2022 14:30,-,-,-
24 February 2022 14:45,-,-,-
24 February 2022 15:00,-,-,-
24 February 2022 15:15,-,-,-
24 February 2022 15:30,-,-,-
24 February 2022 15:45,-,-,-
24 February 2022 16:00,-,-,-
24 February 2022 16:15,-,-,-
24 February 2022 16:30,-,-,-
24 February 2022 16:45,-,-,-
24 February 2022 17:00,-,-,-
24 February 2022 17:15,-,-,-
24 February 2022 17:30,-,-,-
24 February 2022 17:45,-,-,-
24 February 2022 18:00,-,-,-
24 February 2022 18:15,-,-,-
24 February 2022 18:30,-,-,-
24 February 2022 18:45,-,-,-
24 February 2022 19:00,-,-,-
24 February 2022 19:15,-,-,-
24 February 2022 19:30,-,-,-
24 February 2022 19:45,-,-,-
24 February 2022 20:00,-,-,-
24 February 2022 20:15,-,-,-
24 February 2022 20:30,-,-,-
24 February 2022 20:45,-,-,-
24 February 2022 21:00,-,-,-
24 February 2022 21:15,-,-,-
24 February 2022 21:30,-,-,-
24 February 2022 21:45,-,-,-
24 February 2022 22:00,-,-,-
24 February 2022 22:15,-,-,-
24 February 2022 22:30,-,-,-
24 February 2022 22:45,-,-,-
24 February 2022 23:00,-,-,-
24 February 2022 23:15,-,-,-
24 February 2022 23:30,-,-,-
24 February 2022 23:45,-,-,-
25 February 2022 00:00,-,-,-
25 February 2022 00:15,-,-,-
25 February 2022 00:30,-,-,-
25 February 2022 00:45,-,-,-
25 February 2022 01:00,-,-,-
25 February 2022 01:15,-,-,-
25 February 2022 01:30,-,-,-
25 February 2022 01:45,-,-,-
25 February 2022 02:00,-,-,-
25 February 2022 02:15,-,-,-
25 February 2022 02:30,-,-,-
25 February 2022 02:45,-,-,-
25 February 2022 03:00,-,-,-
25 February 2022 03:15,-,-,-
25 February 2022 03:30,-,-,-
25 February 2022 03:45,-,-,-
25 February 2022 04:00,-,-,-
25 February 2022 04:15,-,-,-
25 February 2022 04:30,-,-,-
25 February 2022 04:45,-,-,-
25 February 2022 05:00,-,-,-
25 February 2022 05:15,-,-,-
25 February 2022 05:30,-,-,-
25 February 2022 05:45,-,-,-
25 February 2022 06:00,-,-,-
25 February 2022 06:15,-,-,-
25 February 2022 06:30,-,-,-
25 February 2022 06:45,-,-,-
25 February 2022 07:00,-,-,-
25 February 2022 07:15,-,-,-
25 February 2022 07:30,-,-,-
25 February 2022 07:45,-,-,-
25 February 2022 08:00,-,-,-
25 February 2022 08:15,-,-,-
25 February 2022 08:30,-,-,-
25 February 2022 08:45,-,-,-
25 February 2022 09:00,-,-,-
25 February 2022 09:15,-,-,-
25 February 2022 09:30,-,-,-
25 February 2022 09:45,-,-,-
25 February 2022 10:00,-,-,-
25 February 2022 10:15,-,-,-
25 February 2022 10:30,-,-,-
25 February 2022 10:45,-,-,-
25 February 2022 11:00,-,-,-
25 February 2022 11:15,-,-,-
25 February 2022 11:30,-,-,-
25 February 2022 11:45,-,-,-
25 February 2022 12:00,-,-,-
25 February 2022 12:15,-,-,-
25 February 2022 12:30,-,-,-
25 February 2022 12:45,-,-,-
25 February 2022 13:00,-,-,-
25 February 2022 13:15,-,-,-
25 February 2022 13:30,-,-,-
25 February 2022 13:45,-,-,-
25 February 2022 14:00,-,-,-
25 February 2022 14:15,-,-,-
25 February 2022 14:30,-,-,-
25 February 2022 14:45,-,-,-
25 February 2022 15:00,-,-,-
25 February 2022 15:15,-,-,-
25 February 2022 15:30,-,-,-
25 February 2022 15:45,-,-,-
25 February 2022 16:00,-,-,-
25 February 2022 16:15,-,-,-
25 February 2022 16:30,-,-,-
25 February 2022 16:45,-,-,-
25 February 2022 17:00,-,-,-
25 February 2022 17:15,-,-,-
25 February 2022 17:30,-,-,-
25 February 2022 17:45,-,-,-
25 February 2022 18:00,-,-,-
25 February 2022 18:15,-,-,-
25 February 2022 18:30,-,-,-
25 February 2022 18:45,-,-,-
25 February 2022 19:00,-,-,-
25 February 2022 19:15,-,-,-
25 February 2022 19:30,-,-,-
25 February 2022 19:45,-,-,-
25 February 2022 20:00,-,-,-
25 February 2022 20:15,-,-,-
25 February 2022 20:30,-,-,-
25 February 2022 20:45,-,-,-
25 February 2022 21:00,-,-,-
25 February 2022 21:15,-,-,-
25 February 2022 21:30,-,-,-
25 February 2022 21:45,-,-,-
25 February 2022 22:00,-,-,-
25 February 2022 22:15,-,-,-
25 February 2022 22:30,-,-,-
25 February 2022 22:45,-,-,-
25 February 2022 23:00,-,-,-
25 February 2022 23:15,-,-,-
25 February 2022 23:30,-,-,-
25 February 2022 23:45,-,-,-
26 February 2022 00:00,-,-,-
26 February 2022 00:15,-,-,-
26 February 2022 00:30,-,-,-
26 February 2022 00:45,-,-,-
26 February 2022 01:00,-,-,-
26 February 2022 01:15,-,-,-
26 February 2022 01:30,-,-,-
26 February 2022 01:45,-,-,-
26 February 2022 02:00,-,-,-
26 February 2022 02:15,-,-,-
26 February 2022 02:30,-,-,-
26 February 2022 02:45,-,-,-
26 February 2022 03:00,-,-,-
26 February 2022 03:15,-,-,-
26 February 2022 03:30,-,-,-
26 February 2022 03:45,-,-,-
26 February 2022 04:00,-,-,-
26 February 2022 04:15,-,-,-
26 February 2022 04:30,-,-,-
26 February 2022 04:45,-,-,-
26 February 2022 05:00,-,-,-
26 February 2022 05:15,-,-,-
26 February 2022 05:30,-,-,-
26 February 2022 05:45,-,-,-
26 February 2022 06:00,-,-,-
26 February 2022 06:15,-,-,-
26 February 2022 06:30,-,-,-
26 February 2022 06:45,-,-,-
26 February 2022 07:00,-,-,-
26 February 2022 07:15,-,-,-
26 February 2022 07:30,-,-,-
26 February 2022 07:45,-,-,-
26 February 2022 08:00,-,-,-
26 February 2022 08:15,-,-,-
26 February 2022 08:30,-,-,-
26 February 2022 08:45,-,-,-
26 February 2022 09:00,-,-,-
26 February 2022 09:15,-,-,-
26 February 2022 09:30,-,-,-
26 February 2022 09:45,-,-,-
26 February 2022 10:00,-,-,-
26 February 2022 10:15,-,-,-
26 February 2022 10:30,-,-,-
26 February 2022 10:45,-,-,-
26 February 2022 11:00,-,-,-
26 February 2022 11:15,-,-,-
26 February 2022 11:30,-,-,-
26 February 2022 11:45,-,-,-
26 February 2022 12:00,-,-,-
26 February 2022 12:15,-,-,-
26 February 2022 12:30,-,-,-
26 February 2022 12:45,-,-,-
26 February 2022 13:00,-,-,-
26 February 2022 13:15,-,-,-
26 February 2022 13:30,-,-,-
26 February 2022 13:45,-,-,-
26 February 2022 14:00,-,-,-
26 February 2022 14:15,-,-,-
26 February 2022 14:30,-,-,-
26 February 2022 14:45,-,-,-
26 February 2022 15:00,-,-,-
26 February 2022 15:15,-,-,-
26 February 2022 15:30,-,-,-
26 February 2022 15:45,-,-,-
26 February 2022 16:00,-,-,-
26 February 2022 16:15,-,-,-
26 February 2022 16:30,-,-,-
26 February 2022 16:45,-,-,-
26 February 2022 17:00,-,-,-
26 February 2022 17:15,-,-,-
26 February 2022 17:30,-,-,-
26 February 2022 17:45,-,-,-
26 February 2022 18:00,-,-,-
26 February 2022 18:15,-,-,-
26 February 2022 18:30,-,-,-
26 February 2022 18:45,-,-,-
26 February 2022 19:00,-,-,-
26 February 2022 19:15,-,-,-
26 February 2022 19:30,-,-,-
26 February 2022 19:45,-,-,-
26 February 2022 20:00,-,-,-
26 February 2022 20:15,-,-,-
26 February 2022 20:30,-,-,-
26 February 2022 20:45,-,-,-
26 February 2022 21:00,-,-,-
26 February 2022 21:15,-,-,-
26 February 2022 21:30,-,-,-
26 February 2022 21:45,-,-,-
26 February 2022 22:00,-,-,-
26 February 2022 22:15,-,-,-
26 February 2022 22:30,-,-,-
26 February 2022 22:45,-,-,-
26 February 2022 23:00,-,-,-
26 February 2022 23:15,-,-,-
26 February 2022 23:30,-,-,-
26 February 2022 23:45,-,-,-
27 February 2022 00:00,-,-,-
27 February 2022 00:15,-,-,-
27 February 2022 00:30,-,-,-
27 February 2022 00:45,-,-,-
27 February 2022 01:00,-,-,-
27 February 2022 01:15,-,-,-
27 February 2022 01:30,-,-,-
27 February 2022 01:45,-,-,-
27 February 2022 02:00,-,-,-
27 February 2022 02:15,-,-,-
27 February 2022 02:30,-,-,-
27 February 2022 02:45,-,-,-
27 February 2022 03:00,-,-,-
27 February 2022 03:15,-,-,-
27 February 2022 03:30,-,-,-
27 February 2022 03:45,-,-,-
27 February 2022 04:00,-,-,-
27 February 2022 04:15,-,-,-
27 February 2022 04:30,-,-,-
27 February 2022 04:45,-,-,-
27 February 2022 05:00,-,-,-
27 February 2022 05:15,-,-,-
27 February 2022 05:30,-,-,-
27 February 2022 05:45,-,-,-
27 February 2022 06:00,-,-,-
27 February 2022 06:15,-,-,-
27 February 2022 06:30,-,-,-
27 February 2022 06:45,-,-,-
27 February 2022 07:00,-,-,-
27 February 2022 07:15,-,-,-
27 February 2022 07:30,-,-,-
27 February 2022 07:45,-,-,-
27 February 2022 08:00,-,-,-
27 February 2022 08:15,-,-,-
27 February 2022 08:30,-,-,-
27 February 2022 08:45,-,-,-
27 February 2022 09:00,-,-,-
27 February 2022 09:15,-,-,-
27 February 2022 09:30,-,-,-
27 February 2022 09:45,-,-,-
27 February 2022 10:00,-,-,-
27 February 2022 10:15,-,-,-
27 February 2022 10:30,-,-,-
27 February 2022 10:45,-,-,-
27 February 2022 11:00,-,-,-
27 February 2022 11:15,-,-,-
27 February 2022 11:30,-,-,-
27 February 2022 11:45,-,-,-
27 February 2022 12:00,-,-,-
27 February 2022 12:15,-,-,-
27 February 2022 12:30,-,-,-
27 February 2022 12:45,-,-,-
27 February 2022 13:00,-,-,-
27 February 2022 13:15,-,-,-
27 February 2022 13:30,-,-,-
27 February 2022 13:45,-,-,-
27 February 2022 14:00,-,-,-
27 February 2022 14:15,-,-,-
27 February 2022 14:30,-,-,-
27 February 2022 14:45,-,-,-
27 February 2022 15:00,-,-,-
27 February 2022 15:15,-,-,-
27 February 2022 15:30,-,-,-
27 February 2022 15:45,-,-,-
27 February 2022 16:00,-,-,-
27 February 2022 16:15,-,-,-
27 February 2022 16:30,-,-,-
27 February 2022 16:45,-,-,-
27 February 2022 17:00,-,-,-
27 February 2022 17:15,-,-,-
27 February 2022 17:30,-,-,-
27 February 2022 17:45,-,-,-
27 February 2022 18:00,-,-,-
27 February 2022 18:15,-,-,-
27 February 2022 18:30,-,-,-
27 February 2022 18:45,-,-,-
27 February 2022 19:00,-,-,-
27 February 2022 19:15,-,-,-
27 February 2022 19:30,-,-,-
27 February 2022 19:45,-,-,-
27 February 2022 20:00,-,-,-
27 February 2022 20:15,-,-,-
27 February 2022 20:30,-,-,-
27 February 2022 20:45,-,-,-
27 February 2022 21:00,-,-,-
27 February 2022 21:15,-,-,-
27 February 2022 21:30,-,-,-
27 February 2022 21:45,-,-,-
27 February 2022 22:00,-,-,-
27 February 2022 22:15,-,-,-
27 February 2022 22:30,-,-,-
27 February 2022 22:45,-,-,-
27 February 2022 23:00,-,-,-
27 February 2022 23:15,-,-,-
27 February 2022 23:30,-,-,-
27 February 2022 23:45,-,-,-
28 February 2022 00:00,-,-,-
28 February 2022 00:15,-,-,-
28 February 2022 00:30,-,-,-
28 February 2022 00:45,-,-,-
28 February 2022 01:00,-,-,-
28 February 2022 01:15,-,-,-
28 February 2022 01:30,-,-,-
28 February 2022 01:45,-,-,-
28 February 2022 02:00,-,-,-
28 February 2022 02:15,-,-,-
28 February 2022 02:30,-,-,-
28 February 2022 02:45,-,-,-
28 February 2022 03:00,-,-,-
28 February 2022 03:15,-,-,-
28 February 2022 03:30,-,-,-
28 February 2022 03:45,-,-,-
28 February 2022 04:00,-,-,-
28 February 2022 04:15,-,-,-
28 February 2022 04:30,-,-,-
28 February 2022 04:45,-,-,-
28 February 2022 05:00,-,-,-
28 February 2022 05:15,-,-,-
28 February 2022 05:30,-,-,-
28 February 2022 05:45,-,-,-
28 February 2022 06:00,-,-,-
28 February 2022 06:15,-,-,-
28 February 2022 06:30,-,-,-
28 February 2022 06:45,-,-,-
28 February 2022 07:00,-,-,-
28 February 2022 07:15,-,-,-
28 February 2022 07:30,-,-,-
28 February 2022 07:45,-,-,-
28 February 2022 08:00,-,-,-
28 February 2022 08:15,-,-,-
28 February 2022 08:30,-,-,-
28 February 2022 08:45,-,-,-
28 February 2022 09:00,-,-,-
28 February 2022 09:15,-,-,-
28 February 2022 09:30,-,-,-
28 February 2022 09:45,-,-,-
28 February 2022 10:00,-,-,-
28 February 2022 10:15,-,-,-
28 February 2022 10:30,-,-,-
28 February 2022 10:45,-,-,-
28 February 2022 11:00,-,-,-
28 February 2022 11:15,-,-,-
28 February 2022 11:30,-,-,-
28 February 2022 11:45,-,-,-
28 February 2022 12:00,-,-,-
28 February 2022 12:15,-,-,-
28 February 2022 12:30,-,-,-
28 February 2022 12:45,-,-,-
28 February 2022 13:00,-,-,-
28 February 2022 13:15,-,-,-
28 February 2022 13:30,-,-,-
28 February 2022 13:45,-,-,-
28 February 2022 14:00,-,-,-
28 February 2022 14:15,-,-,-
28 February 2022 14:30,-,-,-
28 February 2022 14:45,-,-,-
28 February 2022 15:00,-,-,-
28 February 2022 15:15,-,-,-
28 February 2022 15:30,-,-,-
28 February 2022 15:45,-,-,-
28 February 2022 16:00,-,-,-
28 February 2022 16:15,-,-,-
28 February 2022 16:30,-,-,-
28 February 2022 16:45,-,-,-
28 February 2022 17:00,-,-,-
28 February 2022 17:15,-,-,-
28 February 2022 17:30,-,-,-
28 February 2022 17:45,-,-,-
28 February 2022 18:00,-,-,-
28 February 2022 18:15,-,-,-
28 February 2022 18:30,-,-,-
28 February 2022 18:45,-,-,-
28 February 2022 19:00,-,-,-
28 February 2022 19:15,-,-,-
28 February 2022 19:30,-,-,-
28 February 2022 19:45,-,-,-
28 February 2022 20:00,-,-,-
28 February 2022 20:15,-,-,-
28 February 2022 20:30,-,-,-
28 February 2022 20:45,-,-,-
28 February 2022 21:00,-,-,-
28 February 2022 21:15,-,-,-
28 February 2022 21:30,-,-,-
28 February 2022 21:45,-,-,-
28 February 2022 22:00,-,-,-
28 February 2022 22:15,-,-,-
28 February 2022 22:30,-,-,-
28 February 2022 22:45,-,-,-
28 February 2022 23:00,-,-,-
28 February 2022 23:15,-,-,-
28 February 2022 23:30,-,-,-
28 February 2022 23:45,-,-,-
